neighborhood,current_cases,lat,long,ds
Alhambra,1,34.0953,-118.1270,2020-03-18
Arcadia,2,34.1397,-118.0353,2020-03-18
Beverly Hills,4,34.0736,-118.4004,2020-03-18
Carson,1,33.8374,-118.2559,2020-03-18
Culver City,2,34.0211,-118.3965,2020-03-18
Diamond Bar,2,34.0286,-117.8103,2020-03-18
Gardena,1,33.8938,-118.3080,2020-03-18
Glendale,4,34.1425,-118.2551,2020-03-18
Inglewood,1,33.9610,-118.3554,2020-03-18
La Mirada,3,33.9190,-118.0105,2020-03-18
Baldwin Hills,1,34.0047,-118.3415,2020-03-18
Boyle Heights,5,34.0339,-118.2054,2020-03-18
Brentwood,2,34.0519,-118.4731,2020-03-18
Century Palms/Cove,1,33.9461,-118.2732,2020-03-18
Eagle Rock,1,34.1322,-118.2117,2020-03-18
Encino,6,34.1517,-118.5214,2020-03-18
Granada Hills,3,34.2794,-118.5022,2020-03-18
Hollywood,5,34.1016,-118.3337,2020-03-18
Hollywood Hills,2,34.1341,-118.3215,2020-03-18
Koreatown,1,34.0578,-118.3009,2020-03-18
Mar Vista,1,34.0037,-118.4690,2020-03-18
Melrose,10,34.0837,-118.3366,2020-03-18
North Hollywood,2,34.1870,-118.3813,2020-03-18
Northridge,1,34.2379,-118.5302,2020-03-18
Reseda,1,34.2011,-118.5360,2020-03-18
San Pedro,1,33.7361,-118.2922,2020-03-18
Sherman Oaks,4,34.1500,-118.4489,2020-03-18
Silverlake,1,34.0869,-118.2702,2020-03-18
Sylmar,1,34.3058,-118.4572,2020-03-18
Tarzana,5,34.1509,-118.5517,2020-03-18
Venice,4,33.9764,-118.4667,2020-03-18
West Adams,1,34.0342,-118.3623,2020-03-18
West Hills,3,34.1973,-118.6440,2020-03-18
West Los Angeles,1,34.0399,-118.4422,2020-03-18
West Vernon,1,34.0039,-118.2301,2020-03-18
Westchester,2,33.9597,-118.4006,2020-03-18
Woodland Hills,3,34.1659,-118.6104,2020-03-18
Lynwood,1,33.9293,-118.2139,2020-03-18
Manhattan Beach,4,33.8812,-118.4072,2020-03-18
Monterey Park,2,34.0625,-118.1228,2020-03-18
San Dimas,1,34.1067,-117.8067,2020-03-18
Santa Clarita,2,34.3917,-118.5426,2020-03-18
Santa Monica,3,34.0242,-118.4965,2020-03-18
South Pasadena,1,34.1165,-118.1468,2020-03-18
Torrance,2,33.8408,-118.3454,2020-03-18
Walnut,1,34.0203,-117.8653,2020-03-18
West Hollywood,11,34.0907,-118.3860,2020-03-18
Alhambra,2,34.0953,-118.1270,2020-03-19
Arcadia,2,34.1397,-118.0353,2020-03-19
Baldwin Hills,1,34.0047,-118.3415,2020-03-19
Beverly Hills,4,34.0736,-118.4004,2020-03-19
Beverlywood,2,34.0409,-118.3919,2020-03-19
Boyle Heights,5,34.0339,-118.2054,2020-03-19
Brentwood,13,34.0519,-118.4731,2020-03-19
Burbank,1,34.1808,-118.3090,2020-03-19
Calabasas,1,34.1383,-118.6608,2020-03-19
Carson,1,33.8374,-118.2559,2020-03-19
Castaic,1,34.4889,-118.6229,2020-03-19
Covina,1,34.0900,-117.8903,2020-03-19
Crestview,1,34.0458,-118.3816,2020-03-19
Culver City,3,34.0211,-118.3965,2020-03-19
Diamond Bar,2,34.0286,-117.8103,2020-03-19
Eagle Rock,1,34.1322,-118.2117,2020-03-19
East Los Angeles,1,34.0316,-118.1724,2020-03-19
Echo Park,1,34.0782,-118.2606,2020-03-19
Encino,6,34.1517,-118.5214,2020-03-19
Gardena,1,33.8938,-118.3080,2020-03-19
Glendale,4,34.1425,-118.2551,2020-03-19
Granada Hills,4,34.2794,-118.5022,2020-03-19
Hancock Park,2,34.0745,-118.3304,2020-03-19
Hawthorne,1,33.9194,-118.3540,2020-03-19
Hollywood Hills,2,34.1341,-118.3215,2020-03-19
Hollywood,5,34.1016,-118.3337,2020-03-19
Inglewood,2,33.9610,-118.3554,2020-03-19
Koreatown,1,34.0578,-118.3009,2020-03-19
La Mirada,3,33.9190,-118.0105,2020-03-19
Lawndale,1,33.8881,-118.3535,2020-03-19
Lomita,5,33.7922,-118.3151,2020-03-19
Lynwood,1,33.9293,-118.2139,2020-03-19
Manhattan Beach,5,33.8812,-118.4072,2020-03-19
Mar Vista,1,34.0037,-118.4690,2020-03-19
Melrose,11,34.0837,-118.3366,2020-03-19
Monterey Park,2,34.0625,-118.1228,2020-03-19
North Hollywood,3,34.1870,-118.3813,2020-03-19
Northridge,1,34.2379,-118.5302,2020-03-19
Pacific Palisades,5,34.0481,-118.5265,2020-03-19
Palms,1,34.0237,-118.4151,2020-03-19
Park LaBrea,3,34.0702,-118.3497,2020-03-19
Playa Vista,1,33.9728,-118.4276,2020-03-19
Reseda,1,34.2011,-118.5360,2020-03-19
San Dimas,1,34.1067,-117.8067,2020-03-19
San Pedro,1,33.7361,-118.2922,2020-03-19
Santa Clarita,3,34.3917,-118.5426,2020-03-19
Santa Monica Mountains,2,34.1203,-118.9318,2020-03-19
Santa Monica,2,34.0242,-118.4965,2020-03-19
Sherman Oaks,5,34.1500,-118.4489,2020-03-19
South El Monte,1,34.0493,-118.0469,2020-03-19
South Pasadena,1,34.1165,-118.1468,2020-03-19
Stevenson Ranch,1,34.3873,-118.5802,2020-03-19
Studio City,3,34.1413,-118.3878,2020-03-19
Sylmar,1,34.3058,-118.4572,2020-03-19
Tarzana,5,34.1509,-118.5517,2020-03-19
Torrance,2,33.8408,-118.3454,2020-03-19
Tujunga,1,34.2633,-118.3027,2020-03-19
University Park,1,34.0315,-118.2797,2020-03-19
Valley Glen,1,34.1838,-118.4172,2020-03-19
Van Nuys,1,34.1899,-118.4514,2020-03-19
Venice,4,33.9764,-118.4667,2020-03-19
Vermont Knolls,1,33.9293,-118.2893,2020-03-19
Walnut,1,34.0203,-117.8653,2020-03-19
West Adams,1,34.0342,-118.3623,2020-03-19
West Hills,3,34.1973,-118.6440,2020-03-19
West Hollywood,12,34.0907,-118.3860,2020-03-19
West Los Angeles,2,34.0399,-118.4422,2020-03-19
West Vernon,1,34.0039,-118.2301,2020-03-19
Westchester,3,33.9597,-118.4006,2020-03-19
Westwood,2,34.0561,-118.4297,2020-03-19
Whittier,2,33.9679,-118.0189,2020-03-19
Woodland Hills,3,34.1659,-118.6104,2020-03-19
Under Investigation,30,#N/A,#N/A,2020-03-19
Long Beach,12,33.7701,-118.1937,2020-03-19
Pasadena,2,34.1561,-118.1319,2020-03-19
Alhambra,3,34.0953,-118.1270,2020-03-20
Altadena,2,34.1902,-118.1313,2020-03-20
Arcadia,2,34.1397,-118.0353,2020-03-20
Baldwin Hills,1,34.0047,-118.3415,2020-03-20
Beverly Hills,5,34.0736,-118.4004,2020-03-20
Beverlywood,2,34.0409,-118.3919,2020-03-20
Boyle Heights,5,34.0339,-118.2054,2020-03-20
Brentwood,16,34.0519,-118.4731,2020-03-20
Burbank,1,34.1808,-118.3090,2020-03-20
Calabasas,1,34.1383,-118.6608,2020-03-20
Carson,3,33.8374,-118.2559,2020-03-20
Castaic,1,34.4889,-118.6229,2020-03-20
Century City,4,34.0556,-118.4179,2020-03-20
Century Palms/Cove,1,33.9461,-118.2732,2020-03-20
Covina,1,34.0900,-117.8903,2020-03-20
Crestview,1,34.0458,-118.3816,2020-03-20
Culver City,4,34.0211,-118.3965,2020-03-20
Diamond Bar,2,34.0286,-117.8103,2020-03-20
Downtown,1,34.0422,-118.2488,2020-03-20
Eagle Rock,1,34.1322,-118.2117,2020-03-20
East Los Angeles,1,34.0316,-118.1724,2020-03-20
Echo Park,1,34.0782,-118.2606,2020-03-20
El Segundo,1,33.9192,-118.4165,2020-03-20
Encino,8,34.1517,-118.5214,2020-03-20
Gardena,1,33.8938,-118.3080,2020-03-20
Glendale,4,34.1425,-118.2551,2020-03-20
Granada Hills,4,34.2794,-118.5022,2020-03-20
Hancock Park,2,34.0745,-118.3304,2020-03-20
Hawthorne,2,33.9194,-118.3540,2020-03-20
Hollywood,7,34.1016,-118.3337,2020-03-20
Hollywood Hills,2,34.1341,-118.3215,2020-03-20
Inglewood,2,33.9610,-118.3554,2020-03-20
Koreatown,1,34.0578,-118.3009,2020-03-20
La Mirada,3,33.9190,-118.0105,2020-03-20
Lake Balboa,1,34.1839,-118.4954,2020-03-20
Lakewood,1,33.8536,-118.1340,2020-03-20
Lancaster,3,34.6868,-118.1542,2020-03-20
Lawndale,1,33.8881,-118.3535,2020-03-20
Lomita,5,33.7922,-118.3151,2020-03-20
Lynwood,1,33.9293,-118.2139,2020-03-20
Manhattan Beach,6,33.8812,-118.4072,2020-03-20
Mar Vista,3,34.0037,-118.4690,2020-03-20
Melrose,11,34.0837,-118.3366,2020-03-20
Miracle Mile,1,34.0597,-118.3500,2020-03-20
Monterey Park,2,34.0625,-118.1228,2020-03-20
North Hollywood,5,34.1870,-118.3813,2020-03-20
Northridge,1,34.2379,-118.5302,2020-03-20
Pacific Palisades,6,34.0481,-118.5265,2020-03-20
Palms,1,34.0237,-118.4151,2020-03-20
Park LaBrea,4,34.0702,-118.3497,2020-03-20
Playa Vista,1,33.9728,-118.4276,2020-03-20
Redondo Beach,1,33.8492,-118.3884,2020-03-20
Reseda,2,34.2011,-118.5360,2020-03-20
San Dimas,1,34.1067,-117.8067,2020-03-20
San Fernado,1,34.2819,-118.4390,2020-03-20
San Pedro,1,33.7361,-118.2922,2020-03-20
Santa Clarita,4,34.3917,-118.5426,2020-03-20
Santa Monica,4,34.0242,-118.4965,2020-03-20
Santa Monica Mountains,2,34.1203,-118.9318,2020-03-20
Sherman Oaks,6,34.1500,-118.4489,2020-03-20
South El Monte,1,34.0493,-118.0469,2020-03-20
South Pasadena,2,34.1165,-118.1468,2020-03-20
South Whittier,1,33.9608,-118.0417,2020-03-20
Stevenson Ranch,1,34.3873,-118.5802,2020-03-20
Studio City,3,34.1413,-118.3878,2020-03-20
Sylmar,1,34.3058,-118.4572,2020-03-20
Tarzana,6,34.1509,-118.5517,2020-03-20
Torrance,2,33.8408,-118.3454,2020-03-20
Tujunga,1,34.2633,-118.3027,2020-03-20
University Park,1,34.0315,-118.2797,2020-03-20
Valley Glen,3,34.1838,-118.4172,2020-03-20
Van Nuys,1,34.1899,-118.4514,2020-03-20
Venice,4,33.9764,-118.4667,2020-03-20
Vermont Knolls,1,33.9293,-118.2893,2020-03-20
Walnut,2,34.0203,-117.8653,2020-03-20
West Adams,1,34.0342,-118.3623,2020-03-20
West Hills,3,34.1973,-118.6440,2020-03-20
West Hollywood,15,34.0907,-118.3860,2020-03-20
West Los Angeles,3,34.0399,-118.4422,2020-03-20
West Vernon,1,34.0039,-118.2301,2020-03-20
Westchester,3,33.9597,-118.4006,2020-03-20
Westwood,5,34.0561,-118.4297,2020-03-20
Whittier,2,33.9679,-118.0189,2020-03-20
Winnetka,1,34.2059,-118.5754,2020-03-20
Woodland Hills,4,34.1659,-118.6104,2020-03-20
Under Investigation,39,#N/A,#N/A,2020-03-20
Long Beach,12,33.7701,-118.1937,2020-03-20
Pasadena,2,34.1561,-118.1319,2020-03-20
Alhambra,3,34.0953,-118.1270,2020-03-21
Altadena,3,34.1902,-118.1313,2020-03-21
Arcadia,2,34.1397,-118.0353,2020-03-21
Baldwin Hills,2,34.0047,-118.3415,2020-03-21
Beverly Hills,7,34.0736,-118.4004,2020-03-21
Beverlywood,5,34.0409,-118.3919,2020-03-21
Boyle Heights,5,34.0339,-118.2054,2020-03-21
Brentwood,18,34.0519,-118.4731,2020-03-21
Burbank,1,34.1808,-118.3090,2020-03-21
Calabasas,1,34.1383,-118.6608,2020-03-21
Carson,3,33.8374,-118.2559,2020-03-21
Castaic,1,34.4889,-118.6229,2020-03-21
Century City,4,34.0556,-118.4179,2020-03-21
Century Palms/Cove,1,33.9461,-118.2732,2020-03-21
Cerritos,1,33.8584,-118.0648,2020-03-21
Covina,1,34.0900,-117.8903,2020-03-21
Crestview,4,34.0458,-118.3816,2020-03-21
Culver City,4,34.0211,-118.3965,2020-03-21
Del Rey,2,33.9878,-118.4229,2020-03-21
Diamond Bar,2,34.0286,-117.8103,2020-03-21
Downtown,1,34.0422,-118.2488,2020-03-21
Eagle Rock,1,34.1322,-118.2117,2020-03-21
East Los Angeles,1,34.0316,-118.1724,2020-03-21
Echo Park,1,34.0782,-118.2606,2020-03-21
El Segundo,2,33.9192,-118.4165,2020-03-21
Encino,10,34.1517,-118.5214,2020-03-21
Gardena,1,33.8938,-118.3080,2020-03-21
Glendale,5,34.1425,-118.2551,2020-03-21
Granada Hills,4,34.2794,-118.5022,2020-03-21
Hancock Park,4,34.0745,-118.3304,2020-03-21
Hawthorne,2,33.9194,-118.3540,2020-03-21
Hollywood,12,34.1016,-118.3337,2020-03-21
Hollywood Hills,2,34.1341,-118.3215,2020-03-21
Inglewood,2,33.9610,-118.3554,2020-03-21
Koreatown,1,34.0578,-118.3009,2020-03-21
La Canada Flintridge,1,34.2091,-118.2001,2020-03-21
La Mirada,3,33.9190,-118.0105,2020-03-21
La Verne,1,34.1202,-117.7704,2020-03-21
Lake Balboa,1,34.1839,-118.4954,2020-03-21
Lakewood,1,33.8536,-118.1340,2020-03-21
Lancaster,3,34.6868,-118.1542,2020-03-21
Lawndale,1,33.8881,-118.3535,2020-03-21
Lomita,7,33.7922,-118.3151,2020-03-21
Lynwood,1,33.9293,-118.2139,2020-03-21
Manhattan Beach,7,33.8812,-118.4072,2020-03-21
Mar Vista,4,34.0037,-118.4690,2020-03-21
Melrose,12,34.0837,-118.3366,2020-03-21
Miracle Mile,1,34.0597,-118.3500,2020-03-21
Montebello,1,34.0095,-118.1054,2020-03-21
Monterey Park,3,34.0625,-118.1228,2020-03-21
North Hollywood,5,34.1870,-118.3813,2020-03-21
Northridge,1,34.2379,-118.5302,2020-03-21
Pacific Palisades,7,34.0481,-118.5265,2020-03-21
Palms,1,34.0237,-118.4151,2020-03-21
Park La Brea,4,34.0702,-118.3497,2020-03-21
Playa Vista,2,33.9728,-118.4276,2020-03-21
Redondo Beach,2,33.8492,-118.3884,2020-03-21
Reseda,3,34.2011,-118.5360,2020-03-21
San Dimas,1,34.1067,-117.8067,2020-03-21
San Fernando,1,34.2819,-118.4390,2020-03-21
San Pedro,1,33.7361,-118.2922,2020-03-21
Santa Clarita,4,34.3917,-118.5426,2020-03-21
Santa Monica,5,34.0242,-118.4965,2020-03-21
Santa Monica Mountains,3,34.1203,-118.9318,2020-03-21
Sherman Oaks,7,34.1500,-118.4489,2020-03-21
Silverlake,3,34.0869,-118.2702,2020-03-21
South El Monte,1,34.0493,-118.0469,2020-03-21
South Pasadena,2,34.1165,-118.1468,2020-03-21
South Whittier,1,33.9608,-118.0417,2020-03-21
Stevenson Ranch,1,34.3873,-118.5802,2020-03-21
Studio City,4,34.1413,-118.3878,2020-03-21
Sun Valley,1,34.2274,-118.3811,2020-03-21
Sunland,1,34.2660,-118.3114,2020-03-21
Sylmar,1,34.3058,-118.4572,2020-03-21
Tarzana,7,34.1509,-118.5517,2020-03-21
Torrance,2,33.8408,-118.3454,2020-03-21
Tujunga,1,34.2633,-118.3027,2020-03-21
University Park,1,34.0315,-118.2797,2020-03-21
Valley Glen,6,34.1838,-118.4172,2020-03-21
Van Nuys,2,34.1899,-118.4514,2020-03-21
Venice,6,33.9764,-118.4667,2020-03-21
Vermont Knolls,1,33.9293,-118.2893,2020-03-21
Vermont Vista,1,33.9465,-118.2826,2020-03-21
Vernon Central,1,34.0043,-118.2570,2020-03-21
Walnut,1,34.0203,-117.8653,2020-03-21
West Adams,2,34.0342,-118.3623,2020-03-21
West Covina,1,34.0686,-117.9390,2020-03-21
West Hills,4,34.1973,-118.6440,2020-03-21
West Hollywood,18,34.0907,-118.3860,2020-03-21
West Los Angeles,3,34.0399,-118.4422,2020-03-21
West Vernon,2,34.0039,-118.2301,2020-03-21
Westchester,3,33.9597,-118.4006,2020-03-21
Westlake,1,34.1458,-118.8056,2020-03-21
Westwood,5,34.0561,-118.4297,2020-03-21
Whittier,2,33.9679,-118.0189,2020-03-21
Winnetka,1,34.2059,-118.5754,2020-03-21
Woodland Hills,5,34.1659,-118.6104,2020-03-21
-Under Investigation,31,#N/A,#N/A,2020-03-21
Pasadena,3,34.1561,-118.1319,2020-03-21
Long Beach,13,33.7701,-118.1937,2020-03-21
Alhambra,3,34.0953,-118.1270,2020-03-22
Altadena,3,34.1902,-118.1313,2020-03-22
Arcadia,2,34.1397,-118.0353,2020-03-22
Athens,1,33.9200,-118.2812,2020-03-22
Baldwin Hills,3,34.0047,-118.3415,2020-03-22
Bellflower,1,33.8822,-118.1180,2020-03-22
Beverly Hills,8,34.0736,-118.4004,2020-03-22
Beverlywood,6,34.0409,-118.3919,2020-03-22
Boyle Heights,5,34.0339,-118.2054,2020-03-22
Brentwood,23,34.0519,-118.4731,2020-03-22
Burbank,2,34.1808,-118.3090,2020-03-22
Calabasas,2,34.1383,-118.6608,2020-03-22
Canoga Park,1,34.2011,-118.5981,2020-03-22
Carson,4,33.8374,-118.2559,2020-03-22
Castaic,1,34.4889,-118.6229,2020-03-22
Century City,4,34.0556,-118.4179,2020-03-22
Century Palms/Cove,1,33.9461,-118.2732,2020-03-22
Cerritos,2,33.8584,-118.0648,2020-03-22
Covina,1,34.0900,-117.8903,2020-03-22
Crestview,5,34.0458,-118.3816,2020-03-22
Culver City,4,34.0211,-118.3965,2020-03-22
Del Rey,2,33.9878,-118.4229,2020-03-22
Diamond Bar,2,34.0286,-117.8103,2020-03-22
Downtown,1,34.0422,-118.2488,2020-03-22
Eagle Rock,1,34.1322,-118.2117,2020-03-22
East Hollywood,1,34.0948,-118.2910,2020-03-22
East Los Angeles,2,34.0316,-118.1724,2020-03-22
Echo Park,1,34.0782,-118.2606,2020-03-22
El Segundo,1,33.9192,-118.4165,2020-03-22
Encino,10,34.1517,-118.5214,2020-03-22
Gardena,1,33.8938,-118.3080,2020-03-22
Glendale,6,34.1425,-118.2551,2020-03-22
Glendora,1,34.1361,-117.8653,2020-03-22
Granada Hills,4,34.2794,-118.5022,2020-03-22
Hancock Park,5,34.0745,-118.3304,2020-03-22
Hawthorne,2,33.9194,-118.3540,2020-03-22
Hollywood,12,34.1016,-118.3337,2020-03-22
Hollywood Hills,5,34.1341,-118.3215,2020-03-22
Inglewood,3,33.9610,-118.3554,2020-03-22
Koreatown,2,34.0578,-118.3009,2020-03-22
La Canada Flintridge,1,34.2091,-118.2001,2020-03-22
La Mirada,3,33.9190,-118.0105,2020-03-22
La Verne,2,34.1202,-117.7704,2020-03-22
Lake Balboa,1,34.1839,-118.4954,2020-03-22
Lakewood,1,33.8536,-118.1340,2020-03-22
Lancaster,4,34.6868,-118.1542,2020-03-22
Lawndale,1,33.8881,-118.3535,2020-03-22
Lomita,8,33.7922,-118.3151,2020-03-22
Los Feliz,1,34.1124,-118.2851,2020-03-22
Lynwood,2,33.9293,-118.2139,2020-03-22
Manhattan Beach,7,33.8812,-118.4072,2020-03-22
Mar Vista,5,34.0037,-118.4690,2020-03-22
Melrose,17,34.0837,-118.3366,2020-03-22
Miracle Mile,4,34.0597,-118.3500,2020-03-22
Monterey Park,3,34.0625,-118.1228,2020-03-22
North Hollywood,5,34.1870,-118.3813,2020-03-22
Northridge,1,34.2379,-118.5302,2020-03-22
Pacific Palisades,7,34.0481,-118.5265,2020-03-22
Palms,1,34.0237,-118.4151,2020-03-22
Paramount,1,33.8895,-118.1598,2020-03-22
Park La Brea,4,34.0702,-118.3497,2020-03-22
Playa Vista,2,33.9728,-118.4276,2020-03-22
Rancho Palos Verdes,1,33.7445,-118.3870,2020-03-22
Redondo Beach,4,33.8492,-118.3884,2020-03-22
Reseda,2,34.2011,-118.5360,2020-03-22
San Dimas,1,34.1067,-117.8067,2020-03-22
San Fernando,1,34.2819,-118.4390,2020-03-22
San Pedro,1,33.7361,-118.2922,2020-03-22
Santa Clarita,4,34.3917,-118.5426,2020-03-22
Santa Monica,7,34.0242,-118.4965,2020-03-22
Santa Monica Mountains,2,34.1203,-118.9318,2020-03-22
Sherman Oaks,7,34.1500,-118.4489,2020-03-22
Silverlake,3,34.0869,-118.2702,2020-03-22
South El Monte,1,34.0493,-118.0469,2020-03-22
South Gate,1,33.9560,-118.2113,2020-03-22
South Pasadena,3,34.1165,-118.1468,2020-03-22
South Whittier,1,33.9608,-118.0417,2020-03-22
Stevenson Ranch,1,34.3873,-118.5802,2020-03-22
Studio City,4,34.1413,-118.3878,2020-03-22
Sun Valley,1,34.2274,-118.3811,2020-03-22
Sunland,1,34.2660,-118.3114,2020-03-22
Sylmar,1,34.3058,-118.4572,2020-03-22
Tarzana,8,34.1509,-118.5517,2020-03-22
Temple,1,34.1023,-118.0603,2020-03-22
Torrance,3,33.8408,-118.3454,2020-03-22
Tujunga,1,34.2633,-118.3027,2020-03-22
University Park,1,34.0315,-118.2797,2020-03-22
Valley Glen,6,34.1838,-118.4172,2020-03-22
Van Nuys,2,34.1899,-118.4514,2020-03-22
Venice,7,33.9764,-118.4667,2020-03-22
Vermont Knolls,1,33.9293,-118.2893,2020-03-22
Vermont Vista,1,33.9465,-118.2826,2020-03-22
Vernon Central,1,34.0043,-118.2570,2020-03-22
Walnut,1,34.0203,-117.8653,2020-03-22
West Adams,1,34.0342,-118.3623,2020-03-22
West Covina,1,34.0686,-117.9390,2020-03-22
West Hills,4,34.1973,-118.6440,2020-03-22
West Hollywood,19,34.0907,-118.3860,2020-03-22
West Los Angeles,3,34.0399,-118.4422,2020-03-22
West Vernon,2,34.0039,-118.2301,2020-03-22
Westchester,3,33.9597,-118.4006,2020-03-22
Westlake,1,34.1458,-118.8056,2020-03-22
Westwood,5,34.0561,-118.4297,2020-03-22
Whittier,2,33.9679,-118.0189,2020-03-22
Wilmington,1,33.7800,-118.2617,2020-03-22
Winnetka,1,34.2059,-118.5754,2020-03-22
Woodland Hills,5,34.1659,-118.6104,2020-03-22
- Under Investigation,38,#N/A,#N/A,2020-03-22
Pasadena,3,34.1561,-118.1319,2020-03-22
Long Beach,15,33.7701,-118.1937,2020-03-22
Agoura Hills,1,34.1364,-118.7745,2020-03-23
Alhambra,4,34.0953,-118.1270,2020-03-23
Altadena,5,34.1902,-118.1313,2020-03-23
Arcadia,3,34.1397,-118.0353,2020-03-23
Athens,1,33.9200,-118.2812,2020-03-23
Baldwin Hills,3,34.0047,-118.3415,2020-03-23
Bellflower,3,33.8822,-118.1180,2020-03-23
Beverly Hills,12,34.0736,-118.4004,2020-03-23
Beverlywood,7,34.0409,-118.3919,2020-03-23
Boyle Heights,5,34.0339,-118.2054,2020-03-23
Brentwood,27,34.0519,-118.4731,2020-03-23
Burbank,2,34.1808,-118.3090,2020-03-23
Calabasas,3,34.1383,-118.6608,2020-03-23
Canoga Park,2,34.2011,-118.5981,2020-03-23
Carson,6,33.8374,-118.2559,2020-03-23
Castaic,1,34.4889,-118.6229,2020-03-23
Century City,4,34.0556,-118.4179,2020-03-23
Century Palms/Cove,1,33.9461,-118.2732,2020-03-23
Cerritos,2,33.8584,-118.0648,2020-03-23
Cloverdale/Cochran,1,34.0626,-118.3465,2020-03-23
Compton,1,33.8958,-118.2201,2020-03-23
Covina,1,34.0900,-117.8903,2020-03-23
Crestview,6,34.0458,-118.3816,2020-03-23
Culver City,5,34.0211,-118.3965,2020-03-23
Del Rey,2,33.9878,-118.4229,2020-03-23
Diamond Bar,2,34.0286,-117.8103,2020-03-23
Downtown,2,34.0422,-118.2488,2020-03-23
Duarte,1,34.1607,-117.9504,2020-03-23
Eagle Rock,2,34.1322,-118.2117,2020-03-23
East Hollywood,1,34.0948,-118.2910,2020-03-23
East Los Angeles,2,34.0316,-118.1724,2020-03-23
Echo Park,2,34.0782,-118.2606,2020-03-23
El Segundo,1,33.9192,-118.4165,2020-03-23
Encino,10,34.1517,-118.5214,2020-03-23
Exposition Park,1,34.0147,-118.2872,2020-03-23
Florence,1,33.9745,-118.2481,2020-03-23
Gardena,1,33.8938,-118.3080,2020-03-23
Glendale,9,34.1425,-118.2551,2020-03-23
Glendora,1,34.1361,-117.8653,2020-03-23
Granada Hills,5,34.2794,-118.5022,2020-03-23
Hancock Park,6,34.0745,-118.3304,2020-03-23
Hawthorne,3,33.9194,-118.3540,2020-03-23
Hollywood,14,34.1016,-118.3337,2020-03-23
Hollywood Hills,7,34.1341,-118.3215,2020-03-23
Hyde Park,1,33.9819,-118.3309,2020-03-23
Inglewood,3,33.9610,-118.3554,2020-03-23
Koreatown,3,34.0578,-118.3009,2020-03-23
La Canada Flintridge,2,34.2091,-118.2001,2020-03-23
La Mirada,3,33.9190,-118.0105,2020-03-23
La Verne,2,34.1202,-117.7704,2020-03-23
Lake Balboa,2,34.1839,-118.4954,2020-03-23
Lakewood,1,33.8536,-118.1340,2020-03-23
Lancaster,7,34.6868,-118.1542,2020-03-23
Lawndale,2,33.8881,-118.3535,2020-03-23
Lincoln Heights,1,34.0706,-118.2051,2020-03-23
Lomita,8,33.7922,-118.3151,2020-03-23
Los Feliz,2,34.1124,-118.2851,2020-03-23
Lynwood,2,33.9293,-118.2139,2020-03-23
Manhattan Beach,9,33.8812,-118.4072,2020-03-23
Mar Vista,6,34.0037,-118.4690,2020-03-23
Melrose,19,34.0837,-118.3366,2020-03-23
Miracle Mile,5,34.0597,-118.3500,2020-03-23
Monterey Park,3,34.0625,-118.1228,2020-03-23
North Hollywood,9,34.1870,-118.3813,2020-03-23
Northridge,1,34.2379,-118.5302,2020-03-23
Pacific Palisades,8,34.0481,-118.5265,2020-03-23
Palmdale,1,34.5794,-118.1093,2020-03-23
Palms,2,34.0237,-118.4151,2020-03-23
Paramount,2,33.8895,-118.1598,2020-03-23
Park La Brea,6,34.0702,-118.3497,2020-03-23
Playa Vista,3,33.9728,-118.4276,2020-03-23
Rancho Palos Verdes,1,33.7445,-118.3870,2020-03-23
Redondo Beach,5,33.8492,-118.3884,2020-03-23
Reseda,3,34.2011,-118.5360,2020-03-23
San Dimas,1,34.1067,-117.8067,2020-03-23
San Fernando,1,34.2819,-118.4390,2020-03-23
San Pedro,2,33.7361,-118.2922,2020-03-23
Santa Clarita,7,34.3917,-118.5426,2020-03-23
Santa Monica,12,34.0242,-118.4965,2020-03-23
Santa Monica Mountains,2,34.1203,-118.9318,2020-03-23
Sherman Oaks,8,34.1500,-118.4489,2020-03-23
Silverlake,4,34.0869,-118.2702,2020-03-23
South El Monte,1,34.0493,-118.0469,2020-03-23
South Gate,1,33.9560,-118.2113,2020-03-23
South Park,1,34.0418,-118.2639,2020-03-23
South Pasadena,3,34.1165,-118.1468,2020-03-23
South Whittier,2,33.9608,-118.0417,2020-03-23
Stevenson Ranch,2,34.3873,-118.5802,2020-03-23
Studio City,7,34.1413,-118.3878,2020-03-23
Sun Valley,2,34.2274,-118.3811,2020-03-23
Sunland,1,34.2660,-118.3114,2020-03-23
Sylmar,1,34.3058,-118.4572,2020-03-23
Tarzana,8,34.1509,-118.5517,2020-03-23
Temple,1,34.1023,-118.0603,2020-03-23
Torrance,4,33.8408,-118.3454,2020-03-23
Tujunga,1,34.2633,-118.3027,2020-03-23
University Park,1,34.0315,-118.2797,2020-03-23
Valley Glen,7,34.1838,-118.4172,2020-03-23
Van Nuys,4,34.1899,-118.4514,2020-03-23
Venice,7,33.9764,-118.4667,2020-03-23
Vermont Knolls,1,33.9293,-118.2893,2020-03-23
Vermont Vista,1,33.9465,-118.2826,2020-03-23
Vernon Central,1,34.0043,-118.2570,2020-03-23
Walnut,1,34.0203,-117.8653,2020-03-23
West Adams,1,34.0342,-118.3623,2020-03-23
West Covina,1,34.0686,-117.9390,2020-03-23
West Hills,4,34.1973,-118.6440,2020-03-23
West Hollywood,23,34.0907,-118.3860,2020-03-23
West Los Angeles,4,34.0399,-118.4422,2020-03-23
West Vernon,2,34.0039,-118.2301,2020-03-23
Westchester,3,33.9597,-118.4006,2020-03-23
Westlake,1,34.1458,-118.8056,2020-03-23
Westwood,6,34.0561,-118.4297,2020-03-23
Whittier,2,33.9679,-118.0189,2020-03-23
Wilmington,3,33.7800,-118.2617,2020-03-23
Wilshire Center,1,34.0642,-118.2984,2020-03-23
Winnetka,1,34.2059,-118.5754,2020-03-23
Woodland Hills,7,34.1659,-118.6104,2020-03-23
Pasadena,3,34.1561,-118.1319,2020-03-23
Long Beach,17,33.7701,-118.1937,2020-03-23
Agoura Hills,3,34.1364,-118.7745,2020-03-24
Alhambra,5,34.0953,-118.1270,2020-03-24
Altadena,5,34.1902,-118.1313,2020-03-24
Arcadia,4,34.1397,-118.0353,2020-03-24
Athens,1,33.9200,-118.2812,2020-03-24
Baldwin Hills,3,34.0047,-118.3415,2020-03-24
Bellflower,3,33.8822,-118.1180,2020-03-24
Beverly Hills,12,34.0736,-118.4004,2020-03-24
Beverlywood,7,34.0409,-118.3919,2020-03-24
Boyle Heights,5,34.0339,-118.2054,2020-03-24
Brentwood,31,34.0519,-118.4731,2020-03-24
Burbank,2,34.1808,-118.3090,2020-03-24
Calabasas,4,34.1383,-118.6608,2020-03-24
Canoga Park,2,34.2011,-118.5981,2020-03-24
Canyon Country,1,34.4245,-118.4711,2020-03-24
Carson,8,33.8374,-118.2559,2020-03-24
Castaic,2,34.4889,-118.6229,2020-03-24
Century City,6,34.0556,-118.4179,2020-03-24
Century Palms/Cove,1,33.9461,-118.2732,2020-03-24
Cerritos,2,33.8584,-118.0648,2020-03-24
Claremont,1,34.1261,-117.7158,2020-03-24
Cloverdale/Cochran,2,34.0626,-118.3465,2020-03-24
Compton,1,33.8958,-118.2201,2020-03-24
Covina,3,34.0900,-117.8903,2020-03-24
Crestview,7,34.0458,-118.3816,2020-03-24
Culver City,7,34.0211,-118.3965,2020-03-24
Del Rey,3,33.9878,-118.4229,2020-03-24
Diamond Bar,2,34.0286,-117.8103,2020-03-24
Downey,1,33.9451,-118.1281,2020-03-24
Downtown,3,34.0422,-118.2488,2020-03-24
Duarte,1,34.1607,-117.9504,2020-03-24
Eagle Rock,2,34.1322,-118.2117,2020-03-24
East Hollywood,1,34.0948,-118.2910,2020-03-24
East Los Angeles,3,34.0316,-118.1724,2020-03-24
Echo Park,2,34.0782,-118.2606,2020-03-24
El Segundo,2,33.9192,-118.4165,2020-03-24
Encino,12,34.1517,-118.5214,2020-03-24
Exposition Park,1,34.0147,-118.2872,2020-03-24
Florence,1,33.9745,-118.2481,2020-03-24
Gardena,1,33.8938,-118.3080,2020-03-24
Glendale,10,34.1425,-118.2551,2020-03-24
Glendora,1,34.1361,-117.8653,2020-03-24
Granada Hills,5,34.2794,-118.5022,2020-03-24
Hancock Park,7,34.0745,-118.3304,2020-03-24
Harbor Gateway,1,33.8501,-118.2991,2020-03-24
Harvard Heights,1,34.0440,-118.3042,2020-03-24
Hawthorne,6,33.9194,-118.3540,2020-03-24
Highland Park,1,34.1145,-118.1842,2020-03-24
Hollywood,19,34.1016,-118.3337,2020-03-24
Hollywood Hills,8,34.1341,-118.3215,2020-03-24
Hyde Park,1,33.9819,-118.3309,2020-03-24
Inglewood,5,33.9610,-118.3554,2020-03-24
Koreatown,5,34.0578,-118.3009,2020-03-24
La Canada Flintridge,2,34.2091,-118.2001,2020-03-24
La Mirada,3,33.9190,-118.0105,2020-03-24
La Puente,1,34.0200,-117.9495,2020-03-24
La Verne,2,34.1202,-117.7704,2020-03-24
Lake Balboa,2,34.1839,-118.4954,2020-03-24
Lakewood,3,33.8536,-118.1340,2020-03-24
Lancaster,8,34.6868,-118.1542,2020-03-24
Lawndale,2,33.8881,-118.3535,2020-03-24
Lincoln Heights,1,34.0706,-118.2051,2020-03-24
Lomita,9,33.7922,-118.3151,2020-03-24
Los Feliz,2,34.1124,-118.2851,2020-03-24
Lynwood,2,33.9293,-118.2139,2020-03-24
Manhattan Beach,11,33.8812,-118.4072,2020-03-24
Mar Vista,6,34.0037,-118.4690,2020-03-24
Melrose,26,34.0837,-118.3366,2020-03-24
Miracle Mile,7,34.0597,-118.3500,2020-03-24
Monterey Park,3,34.0625,-118.1228,2020-03-24
Mt. Washington,1,34.1003,-118.2097,2020-03-24
North Hollywood,10,34.1870,-118.3813,2020-03-24
Northridge,2,34.2379,-118.5302,2020-03-24
Norwalk,1,33.9022,-118.0817,2020-03-24
Pacific Palisades,9,34.0481,-118.5265,2020-03-24
Palmdale,2,34.5794,-118.1093,2020-03-24
Palms,6,34.0237,-118.4151,2020-03-24
Paramount,2,33.8895,-118.1598,2020-03-24
Park La Brea,8,34.0702,-118.3497,2020-03-24
Pico,1,34.0544,-118.3858,2020-03-24
Pico Rivera,1,33.9831,-118.0967,2020-03-24
Playa Vista,4,33.9728,-118.4276,2020-03-24
Porter Ranch,1,39.4346,-121.0205,2020-03-24
Rancho Palos Verdes,3,33.7445,-118.3870,2020-03-24
Redondo Beach,7,33.8492,-118.3884,2020-03-24
Reseda,4,34.2011,-118.5360,2020-03-24
San Dimas,1,34.1067,-117.8067,2020-03-24
San Fernando,2,34.2819,-118.4390,2020-03-24
San Gabriel,1,34.0968,-118.1057,2020-03-24
San Pedro,2,33.7361,-118.2922,2020-03-24
Santa Clarita,7,34.3917,-118.5426,2020-03-24
Santa Monica,16,34.0242,-118.4965,2020-03-24
Santa Monica Mountains,2,34.1203,-118.9318,2020-03-24
Sherman Oaks,10,34.1500,-118.4489,2020-03-24
Silverlake,5,34.0869,-118.2702,2020-03-24
South El Monte,1,34.0493,-118.0469,2020-03-24
South Gate,1,33.9560,-118.2113,2020-03-24
South Park,1,34.0418,-118.2639,2020-03-24
South Pasadena,3,34.1165,-118.1468,2020-03-24
South Whittier,2,33.9608,-118.0417,2020-03-24
Stevenson Ranch,2,34.3873,-118.5802,2020-03-24
Studio City,7,34.1413,-118.3878,2020-03-24
Sun Valley,2,34.2274,-118.3811,2020-03-24
Sunland,1,34.2660,-118.3114,2020-03-24
Sylmar,1,34.3058,-118.4572,2020-03-24
Tarzana,9,34.1509,-118.5517,2020-03-24
Temple,1,34.1023,-118.0603,2020-03-24
Torrance,5,33.8408,-118.3454,2020-03-24
Tujunga,1,34.2633,-118.3027,2020-03-24
University Park,1,34.0315,-118.2797,2020-03-24
Valley Glen,9,34.1838,-118.4172,2020-03-24
Van Nuys,4,34.1899,-118.4514,2020-03-24
Venice,8,33.9764,-118.4667,2020-03-24
Vermont Knolls,1,33.9293,-118.2893,2020-03-24
Vermont Vista,3,33.9465,-118.2826,2020-03-24
Vernon Central,1,34.0043,-118.2570,2020-03-24
Walnut,1,34.0203,-117.8653,2020-03-24
West Adams,3,34.0342,-118.3623,2020-03-24
West Covina,1,34.0686,-117.9390,2020-03-24
West Hills,4,34.1973,-118.6440,2020-03-24
West Hollywood,31,34.0907,-118.3860,2020-03-24
West Los Angeles,4,34.0399,-118.4422,2020-03-24
West Vernon,4,34.0039,-118.2301,2020-03-24
Westchester,3,33.9597,-118.4006,2020-03-24
Westlake,1,34.1458,-118.8056,2020-03-24
Westwood,6,34.0561,-118.4297,2020-03-24
Whittier,3,33.9679,-118.0189,2020-03-24
Wholesale District,1,34.0300,-118.2452,2020-03-24
Willowbrook,1,33.9170,-118.2551,2020-03-24
Wilmington,4,33.7800,-118.2617,2020-03-24
Wilshire Center,1,34.0642,-118.2984,2020-03-24
Winnetka,2,34.2059,-118.5754,2020-03-24
Woodland Hills,8,34.1659,-118.6104,2020-03-24
Agoura Hills,3,34.1364,-118.7745,2020-03-25
Alhambra,6,34.0953,-118.1270,2020-03-25
Altadena,5,34.1902,-118.1313,2020-03-25
Arcadia,4,34.1397,-118.0353,2020-03-25
Arleta,1,34.2419,-118.4256,2020-03-25
Athens,1,33.9200,-118.2812,2020-03-25
Baldwin Hills,3,34.0047,-118.3415,2020-03-25
Bell Gardens,3,33.9653,-118.1515,2020-03-25
Bellflower,7,33.8822,-118.1180,2020-03-25
Beverly Hills,13,34.0736,-118.4004,2020-03-25
Beverlywood,8,34.0409,-118.3919,2020-03-25
Boyle Heights,5,34.0339,-118.2054,2020-03-25
Brentwood,34,34.0519,-118.4731,2020-03-25
Burbank,3,34.1808,-118.3090,2020-03-25
Calabasas,4,34.1383,-118.6608,2020-03-25
Canoga Park,2,34.2011,-118.5981,2020-03-25
Canyon Country,1,34.4245,-118.4711,2020-03-25
Carson,9,33.8374,-118.2559,2020-03-25
Castaic,2,34.4889,-118.6229,2020-03-25
Century City,7,34.0556,-118.4179,2020-03-25
Century Palms/Cove,3,33.9461,-118.2732,2020-03-25
Cerritos,2,33.8584,-118.0648,2020-03-25
Claremont,1,34.1261,-117.7158,2020-03-25
Cloverdale/Cochran,3,34.0626,-118.3465,2020-03-25
Compton,2,33.8958,-118.2201,2020-03-25
Covina,3,34.0900,-117.8903,2020-03-25
Crenshaw District,2,34.0158,-118.3453,2020-03-25
Crestview,7,34.0458,-118.3816,2020-03-25
Culver City,6,34.0211,-118.3965,2020-03-25
Del Rey,5,33.9878,-118.4229,2020-03-25
Diamond Bar,2,34.0286,-117.8103,2020-03-25
Downey,5,33.9451,-118.1281,2020-03-25
Downtown,6,34.0422,-118.2488,2020-03-25
Duarte,1,34.1607,-117.9504,2020-03-25
Eagle Rock,2,34.1322,-118.2117,2020-03-25
East Hollywood,1,34.0948,-118.2910,2020-03-25
East Los Angeles,3,34.0316,-118.1724,2020-03-25
Echo Park,4,34.0782,-118.2606,2020-03-25
El Segundo,2,33.9192,-118.4165,2020-03-25
Encino,13,34.1517,-118.5214,2020-03-25
Exposition Park,1,34.0147,-118.2872,2020-03-25
Florence,4,33.9745,-118.2481,2020-03-25
Gardena,1,33.8938,-118.3080,2020-03-25
Glassell Park,1,34.1161,-118.2290,2020-03-25
Glendale,12,34.1425,-118.2551,2020-03-25
Glendora,2,34.1361,-117.8653,2020-03-25
Granada Hills,7,34.2794,-118.5022,2020-03-25
Hancock Park,8,34.0745,-118.3304,2020-03-25
Harbor Gateway,2,33.8501,-118.2991,2020-03-25
Harvard Heights,1,34.0440,-118.3042,2020-03-25
Hawthorne,8,33.9194,-118.3540,2020-03-25
Highland Park,2,34.1145,-118.1842,2020-03-25
Hollywood,23,34.1016,-118.3337,2020-03-25
Hollywood Hills,8,34.1341,-118.3215,2020-03-25
Hyde Park,1,33.9819,-118.3309,2020-03-25
Inglewood,5,33.9610,-118.3554,2020-03-25
Koreatown,5,34.0578,-118.3009,2020-03-25
La Canada Flintridge,3,34.2091,-118.2001,2020-03-25
La Mirada,4,33.9190,-118.0105,2020-03-25
La Verne,2,34.1202,-117.7704,2020-03-25
Lake Balboa,2,34.1839,-118.4954,2020-03-25
Lakewood,4,33.8536,-118.1340,2020-03-25
Lancaster,13,34.6868,-118.1542,2020-03-25
Lawndale,1,33.8881,-118.3535,2020-03-25
Lomita,9,33.7922,-118.3151,2020-03-25
Los Feliz,3,34.1124,-118.2851,2020-03-25
Lynwood,3,33.9293,-118.2139,2020-03-25
Manhattan Beach,17,33.8812,-118.4072,2020-03-25
Mar Vista,6,34.0037,-118.4690,2020-03-25
Melrose,33,34.0837,-118.3366,2020-03-25
Miracle Mile,8,34.0597,-118.3500,2020-03-25
Monterey Park,4,34.0625,-118.1228,2020-03-25
Mt. Washington,2,34.1003,-118.2097,2020-03-25
North Hollywood,11,34.1870,-118.3813,2020-03-25
Northridge,2,34.2379,-118.5302,2020-03-25
Norwalk,2,33.9022,-118.0817,2020-03-25
Pacific Palisades,9,34.0481,-118.5265,2020-03-25
Palmdale,2,34.5794,-118.1093,2020-03-25
Palms,8,34.0237,-118.4151,2020-03-25
Panorama City,1,34.2247,-118.4498,2020-03-25
Paramount,3,33.8895,-118.1598,2020-03-25
Park La Brea,8,34.0702,-118.3497,2020-03-25
Pico,2,34.0544,-118.3858,2020-03-25
Pico Rivera,1,33.9831,-118.0967,2020-03-25
Playa Vista,5,33.9728,-118.4276,2020-03-25
Pomona,1,34.0551,-117.7500,2020-03-25
Porter Ranch,1,39.4346,-121.0205,2020-03-25
Rancho Palos Verdes,5,33.7445,-118.3870,2020-03-25
Redondo Beach,9,33.8492,-118.3884,2020-03-25
Reseda,5,34.2011,-118.5360,2020-03-25
San Dimas,1,34.1067,-117.8067,2020-03-25
San Fernando,3,34.2819,-118.4390,2020-03-25
San Gabriel,1,34.0968,-118.1057,2020-03-25
San Pedro,4,33.7361,-118.2922,2020-03-25
Santa Clarita,10,34.3917,-118.5426,2020-03-25
Santa Monica,18,34.0242,-118.4965,2020-03-25
Santa Monica Mountains,3,34.1203,-118.9318,2020-03-25
Sherman Oaks,12,34.1500,-118.4489,2020-03-25
Silverlake,6,34.0869,-118.2702,2020-03-25
South El Monte,3,34.0493,-118.0469,2020-03-25
South Gate,2,33.9560,-118.2113,2020-03-25
South Park,1,34.0418,-118.2639,2020-03-25
South Pasadena,3,34.1165,-118.1468,2020-03-25
South Whittier,3,33.9608,-118.0417,2020-03-25
Stevenson Ranch,2,34.3873,-118.5802,2020-03-25
Studio City,7,34.1413,-118.3878,2020-03-25
Sun Valley,2,34.2274,-118.3811,2020-03-25
Sunland,1,34.2660,-118.3114,2020-03-25
Sylmar,1,34.3058,-118.4572,2020-03-25
Tarzana,9,34.1509,-118.5517,2020-03-25
Temple,3,34.1023,-118.0603,2020-03-25
Torrance,9,33.8408,-118.3454,2020-03-25
Tujunga,1,34.2633,-118.3027,2020-03-25
University Park,4,34.0315,-118.2797,2020-03-25
Valinda,1,34.0433,-117.9331,2020-03-25
Valley Glen,11,34.1838,-118.4172,2020-03-25
Van Nuys,4,34.1899,-118.4514,2020-03-25
Venice,9,33.9764,-118.4667,2020-03-25
Vermont Knolls,1,33.9293,-118.2893,2020-03-25
Vermont Vista,3,33.9465,-118.2826,2020-03-25
Vernon Central,1,34.0043,-118.2570,2020-03-25
Walnut,1,34.0203,-117.8653,2020-03-25
Watts,1,33.9386,-118.2380,2020-03-25
West Adams,4,34.0342,-118.3623,2020-03-25
West Covina,2,34.0686,-117.9390,2020-03-25
West Hills,4,34.1973,-118.6440,2020-03-25
West Hollywood,31,34.0907,-118.3860,2020-03-25
West Los Angeles,4,34.0399,-118.4422,2020-03-25
West Vernon,5,34.0039,-118.2301,2020-03-25
Westchester,5,33.9597,-118.4006,2020-03-25
Westlake,1,34.1458,-118.8056,2020-03-25
Westwood,9,34.0561,-118.4297,2020-03-25
Whittier,3,33.9679,-118.0189,2020-03-25
Wholesale District,4,34.0300,-118.2452,2020-03-25
Willowbrook,1,33.9170,-118.2551,2020-03-25
Wilmington,4,33.7800,-118.2617,2020-03-25
Wilshire Center,2,34.0642,-118.2984,2020-03-25
Winnetka,3,34.2059,-118.5754,2020-03-25
Woodland Hills,11,34.1659,-118.6104,2020-03-25
- Under Investigation,56,#N/A,#N/A,2020-03-25
Pasadena,7,34.1561,-118.1319,2020-03-25
Long Beach,28,33.7701,-118.1937,2020-03-25
Agoura Hills,5,34.1364,-118.7745,2020-03-26
Alhambra,8,34.0953,-118.1270,2020-03-26
Altadena,6,34.1902,-118.1313,2020-03-26
Arcadia,6,34.1397,-118.0353,2020-03-26
Arleta,2,34.2419,-118.4256,2020-03-26
Athens,3,33.9200,-118.2812,2020-03-26
Azusa,1,34.1336,-117.9076,2020-03-26
Baldwin Hills,4,34.0047,-118.3415,2020-03-26
Bell,2,33.9761,-118.1851,2020-03-26
Bell Gardens,3,33.9653,-118.1515,2020-03-26
Bellflower,8,33.8822,-118.1180,2020-03-26
Beverly Hills,15,34.0736,-118.4004,2020-03-26
Beverlywood,10,34.0409,-118.3919,2020-03-26
Boyle Heights,7,34.0339,-118.2054,2020-03-26
Brentwood,42,34.0519,-118.4731,2020-03-26
Burbank,6,34.1808,-118.3090,2020-03-26
Calabasas,5,34.1383,-118.6608,2020-03-26
Canoga Park,3,34.2011,-118.5981,2020-03-26
Canyon Country,1,34.4245,-118.4711,2020-03-26
Carson,21,33.8374,-118.2559,2020-03-26
Castaic,2,34.4889,-118.6229,2020-03-26
Century City,9,34.0556,-118.4179,2020-03-26
Century Palms/Cove,3,33.9461,-118.2732,2020-03-26
Cerritos,2,33.8584,-118.0648,2020-03-26
Chatsworth,1,34.2506,-118.6148,2020-03-26
Claremont,1,34.1261,-117.7158,2020-03-26
Cloverdale/Cochran,3,34.0626,-118.3465,2020-03-26
Compton,5,33.8958,-118.2201,2020-03-26
Covina,4,34.0900,-117.8903,2020-03-26
Crenshaw District,2,34.0158,-118.3453,2020-03-26
Crestview,9,34.0458,-118.3816,2020-03-26
Culver City,8,34.0211,-118.3965,2020-03-26
Del Rey,9,33.9878,-118.4229,2020-03-26
Diamond Bar,2,34.0286,-117.8103,2020-03-26
Downey,10,33.9451,-118.1281,2020-03-26
Downtown,7,34.0422,-118.2488,2020-03-26
Duarte,2,34.1607,-117.9504,2020-03-26
Eagle Rock,3,34.1322,-118.2117,2020-03-26
East Hollywood,2,34.0948,-118.2910,2020-03-26
East Los Angeles,4,34.0316,-118.1724,2020-03-26
Echo Park,7,34.0782,-118.2606,2020-03-26
El Segundo,2,33.9192,-118.4165,2020-03-26
Encino,21,34.1517,-118.5214,2020-03-26
Exposition Park,2,34.0147,-118.2872,2020-03-26
Florence,7,33.9745,-118.2481,2020-03-26
Gardena,4,33.8938,-118.3080,2020-03-26
Glassell Park,2,34.1161,-118.2290,2020-03-26
Glendale,23,34.1425,-118.2551,2020-03-26
Glendora,2,34.1361,-117.8653,2020-03-26
Granada Hills,8,34.2794,-118.5022,2020-03-26
Hacienda Heights,2,33.9931,-117.9687,2020-03-26
Hancock Park,10,34.0745,-118.3304,2020-03-26
Harbor City,1,33.7900,-118.2978,2020-03-26
Harbor Gateway,3,33.8501,-118.2991,2020-03-26
Harvard Heights,2,34.0440,-118.3042,2020-03-26
Hawthorne,9,33.9194,-118.3540,2020-03-26
Highland Park,3,34.1145,-118.1842,2020-03-26
Hollywood,27,34.1016,-118.3337,2020-03-26
Hollywood Hills,17,34.1341,-118.3215,2020-03-26
Hyde Park,1,33.9819,-118.3309,2020-03-26
Inglewood,12,33.9610,-118.3554,2020-03-26
Koreatown,7,34.0578,-118.3009,2020-03-26
La Canada Flintridge,6,34.2091,-118.2001,2020-03-26
La Mirada,5,33.9190,-118.0105,2020-03-26
La Puente,1,34.0200,-117.9495,2020-03-26
La Verne,2,34.1202,-117.7704,2020-03-26
Lake Balboa,3,34.1839,-118.4954,2020-03-26
Lakewood,7,33.8536,-118.1340,2020-03-26
Lancaster,16,34.6868,-118.1542,2020-03-26
Lawndale,2,33.8881,-118.3535,2020-03-26
Leimert Park,2,34.0118,-118.3234,2020-03-26
Lincoln Heights,1,34.0706,-118.2051,2020-03-26
Little Bangladesh,1,34.0691,-118.2956,2020-03-26
Lomita,12,33.7922,-118.3151,2020-03-26
Los Feliz,5,34.1124,-118.2851,2020-03-26
Lynwood,6,33.9293,-118.2139,2020-03-26
Manhattan Beach,21,33.8812,-118.4072,2020-03-26
Mar Vista,8,34.0037,-118.4690,2020-03-26
Maywood,1,33.9885,-118.1874,2020-03-26
Melrose,47,34.0837,-118.3366,2020-03-26
Miracle Mile,13,34.0597,-118.3500,2020-03-26
Monrovia,2,34.1481,-117.9990,2020-03-26
Montebello,1,34.0095,-118.1054,2020-03-26
Monterey Park,4,34.0625,-118.1228,2020-03-26
Mt. Washington,3,34.1003,-118.2097,2020-03-26
North Hills,1,34.2362,-118.4851,2020-03-26
North Hollywood,15,34.1870,-118.3813,2020-03-26
Northridge,4,34.2379,-118.5302,2020-03-26
Norwalk,9,33.9022,-118.0817,2020-03-26
Pacific Palisades,12,34.0481,-118.5265,2020-03-26
Pacoima,1,34.2625,-118.4270,2020-03-26
Palmdale,2,34.5794,-118.1093,2020-03-26
Palms,10,34.0237,-118.4151,2020-03-26
Panorama City,4,34.2247,-118.4498,2020-03-26
Paramount,4,33.8895,-118.1598,2020-03-26
Park La Brea,8,34.0702,-118.3497,2020-03-26
Pico,5,34.0544,-118.3858,2020-03-26
Pico Rivera,2,33.9831,-118.0967,2020-03-26
Playa Vista,8,33.9728,-118.4276,2020-03-26
Pomona,3,34.0551,-117.7500,2020-03-26
Porter Ranch,2,39.4346,-121.0205,2020-03-26
Rancho Palos Verdes,6,33.7445,-118.3870,2020-03-26
Redondo Beach,20,33.8492,-118.3884,2020-03-26
Reseda,8,34.2011,-118.5360,2020-03-26
San Dimas,1,34.1067,-117.8067,2020-03-26
San Fernando,3,34.2819,-118.4390,2020-03-26
San Gabriel,3,34.0968,-118.1057,2020-03-26
San Pedro,5,33.7361,-118.2922,2020-03-26
Santa Clarita,16,34.3917,-118.5426,2020-03-26
Santa Monica,21,34.0242,-118.4965,2020-03-26
Santa Monica Mountains,4,34.1203,-118.9318,2020-03-26
Sherman Oaks,17,34.1500,-118.4489,2020-03-26
Silverlake,11,34.0869,-118.2702,2020-03-26
South El Monte,4,34.0493,-118.0469,2020-03-26
South Gate,4,33.9560,-118.2113,2020-03-26
South Park,2,34.0418,-118.2639,2020-03-26
South Pasadena,4,34.1165,-118.1468,2020-03-26
South Whittier,4,33.9608,-118.0417,2020-03-26
Stevenson Ranch,3,34.3873,-118.5802,2020-03-26
Studio City,11,34.1413,-118.3878,2020-03-26
Sun Valley,2,34.2274,-118.3811,2020-03-26
Sunland,1,34.2660,-118.3114,2020-03-26
Sylmar,2,34.3058,-118.4572,2020-03-26
Tarzana,14,34.1509,-118.5517,2020-03-26
Temple,6,34.1023,-118.0603,2020-03-26
Torrance,14,33.8408,-118.3454,2020-03-26
Tujunga,2,34.2633,-118.3027,2020-03-26
University Park,6,34.0315,-118.2797,2020-03-26
Valinda,1,34.0433,-117.9331,2020-03-26
Valley Glen,12,34.1838,-118.4172,2020-03-26
Van Nuys,4,34.1899,-118.4514,2020-03-26
Venice,11,33.9764,-118.4667,2020-03-26
Vermont Knolls,3,33.9293,-118.2893,2020-03-26
Vermont Vista,5,33.9465,-118.2826,2020-03-26
Vernon Central,1,34.0043,-118.2570,2020-03-26
Walnut,1,34.0203,-117.8653,2020-03-26
Watts,1,33.9386,-118.2380,2020-03-26
West Adams,6,34.0342,-118.3623,2020-03-26
West Covina,4,34.0686,-117.9390,2020-03-26
West Hills,4,34.1973,-118.6440,2020-03-26
West Hollywood,35,34.0907,-118.3860,2020-03-26
West Los Angeles,5,34.0399,-118.4422,2020-03-26
West Vernon,6,34.0039,-118.2301,2020-03-26
West Whittier/Los Nietos,1,33.9760,-118.0691,2020-03-26
Westchester,7,33.9597,-118.4006,2020-03-26
Westlake,1,34.1458,-118.8056,2020-03-26
Westwood,11,34.0561,-118.4297,2020-03-26
Whittier,3,33.9679,-118.0189,2020-03-26
Wholesale District,6,34.0300,-118.2452,2020-03-26
Willowbrook,1,33.9170,-118.2551,2020-03-26
Wilmington,5,33.7800,-118.2617,2020-03-26
Wilshire Center,2,34.0642,-118.2984,2020-03-26
Winnetka,5,34.2059,-118.5754,2020-03-26
Woodland Hills,13,34.1659,-118.6104,2020-03-26
Long Beach,41,33.7701,-118.1937,2020-03-26
Pasadena,9,34.1561,-118.1319,2020-03-26
Long Beach,21,33.7701,-118.1937,2020-03-24
Agoura Hills,6,34.1364,-118.7745,2020-03-27
Alhambra,8,34.0953,-118.1270,2020-03-27
Arcadia,6,34.1397,-118.0353,2020-03-27
Azusa,1,34.1336,-117.9076,2020-03-27
Bell,4,33.9761,-118.1851,2020-03-27
Bell Gardens,1,33.9653,-118.1515,2020-03-27
Bellflower,10,33.8822,-118.1180,2020-03-27
Beverly Hills,21,34.0736,-118.4004,2020-03-27
Burbank,7,34.1808,-118.3090,2020-03-27
Calabasas,7,34.1383,-118.6608,2020-03-27
Carson,21,33.8374,-118.2559,2020-03-27
Cerritos,1,33.8584,-118.0648,2020-03-27
Claremont,1,34.1261,-117.7158,2020-03-27
Compton,7,33.8958,-118.2201,2020-03-27
Covina,3,34.0900,-117.8903,2020-03-27
Culver City,6,34.0211,-118.3965,2020-03-27
Diamond Bar,2,34.0286,-117.8103,2020-03-27
Downey,12,33.9451,-118.1281,2020-03-27
Gardena,5,33.8938,-118.3080,2020-03-27
Glendale,29,34.1425,-118.2551,2020-03-27
Glendora,4,34.1361,-117.8653,2020-03-27
Hawthorne,7,33.9194,-118.3540,2020-03-27
Inglewood,12,33.9610,-118.3554,2020-03-27
La Canada Flintridge,5,34.2091,-118.2001,2020-03-27
La Mirada,5,33.9190,-118.0105,2020-03-27
La Puente,1,34.0200,-117.9495,2020-03-27
La Verne,1,34.1202,-117.7704,2020-03-27
Lakewood,8,33.8536,-118.1340,2020-03-27
Lancaster,18,34.6868,-118.1542,2020-03-27
Lawndale,2,33.8881,-118.3535,2020-03-27
Lynwood,8,33.9293,-118.2139,2020-03-27
Manhattan Beach,22,33.8812,-118.4072,2020-03-27
Maywood,1,33.9885,-118.1874,2020-03-27
Monrovia,4,34.1481,-117.9990,2020-03-27
Montebello,2,34.0095,-118.1054,2020-03-27
Monterey Park,4,34.0625,-118.1228,2020-03-27
Norwalk,9,33.9022,-118.0817,2020-03-27
Palmdale,4,34.5794,-118.1093,2020-03-27
Palos Verdes Estates,12,33.7871,-118.3976,2020-03-27
Paramount,5,33.8895,-118.1598,2020-03-27
Pico Rivera,2,33.9831,-118.0967,2020-03-27
Pomona,4,34.0551,-117.7500,2020-03-27
Rancho Palos Verdes,7,33.7445,-118.3870,2020-03-27
Redondo Beach,23,33.8492,-118.3884,2020-03-27
San Dimas,1,34.1067,-117.8067,2020-03-27
San Gabriel,5,34.0968,-118.1057,2020-03-27
Santa Clarita,24,34.3917,-118.5426,2020-03-27
Santa Monica,28,34.0242,-118.4965,2020-03-27
South Gate,4,33.9560,-118.2113,2020-03-27
South Pasadena,3,34.1165,-118.1468,2020-03-27
Torrance,21,33.8408,-118.3454,2020-03-27
Walnut,1,34.0203,-117.8653,2020-03-27
West Covina,5,34.0686,-117.9390,2020-03-27
West Hollywood,42,34.0907,-118.3860,2020-03-27
Whittier,4,33.9679,-118.0189,2020-03-27
Arleta,2,34.2419,-118.4256,2020-03-27
Baldwin Hills,5,34.0047,-118.3415,2020-03-27
Bel Air,6,34.0833,-118.4487,2020-03-27
Beverly Crest,14,34.1024,-118.4163,2020-03-27
Beverlywood,8,34.0409,-118.3919,2020-03-27
Boyle Heights,8,34.0339,-118.2054,2020-03-27
Brentwood,30,34.0519,-118.4731,2020-03-27
Canoga Park,2,34.2011,-118.5981,2020-03-27
Carthay,7,34.0573,-118.3679,2020-03-27
Central,2,34.0833,-118.4487,2020-03-27
Century City,6,34.0556,-118.4179,2020-03-27
Century Palms/Cove,3,33.9461,-118.2732,2020-03-27
Chatsworth,3,34.2506,-118.6148,2020-03-27
Crestview,7,34.0458,-118.3816,2020-03-27
Del Rey,9,33.9878,-118.4229,2020-03-27
Downtown,8,34.0422,-118.2488,2020-03-27
Eagle Rock,4,34.1322,-118.2117,2020-03-27
East Hollywood,3,34.0948,-118.2910,2020-03-27
Encino,23,34.1517,-118.5214,2020-03-27
Exposition Park,2,34.0147,-118.2872,2020-03-27
Florence-Firestone,3,33.9632,-118.2426,2020-03-27
Glassell Park,4,34.1161,-118.2290,2020-03-27
Granada Hills,8,34.2794,-118.5022,2020-03-27
Hancock Park,14,34.0745,-118.3304,2020-03-27
Harbor City,1,33.7900,-118.2978,2020-03-27
Harbor Gateway,4,33.8501,-118.2991,2020-03-27
Harvard Park,1,33.9841,-118.3042,2020-03-27
Highland Park,5,34.1145,-118.1842,2020-03-27
Hollywood,30,34.1016,-118.3337,2020-03-27
Hollywood Hills,19,34.1341,-118.3215,2020-03-27
Hyde Park,2,33.9819,-118.3309,2020-03-27
Koreatown,7,34.0578,-118.3009,2020-03-27
Lake Balboa,3,34.1839,-118.4954,2020-03-27
Lincoln Heights,1,34.0706,-118.2051,2020-03-27
Little Bangladesh,2,34.0691,-118.2956,2020-03-27
Los Feliz,6,34.1124,-118.2851,2020-03-27
Mar Vista,8,34.0037,-118.4690,2020-03-27
Melrose,49,34.0837,-118.3366,2020-03-27
Mid-city,8,34.0429,-118.3344,2020-03-27
Miracle Mile,7,34.0597,-118.3500,2020-03-27
North Hills,1,34.2362,-118.4851,2020-03-27
North Hollywood,18,34.1870,-118.3813,2020-03-27
Northridge,7,34.2379,-118.5302,2020-03-27
Pacific Palisades,10,34.0481,-118.5265,2020-03-27
Pacoima,2,34.2625,-118.4270,2020-03-27
Palms,12,34.0237,-118.4151,2020-03-27
Panorama City,4,34.2247,-118.4498,2020-03-27
Pico-Union,5,34.0446,-118.2770,2020-03-27
Playa Vista,5,33.9728,-118.4276,2020-03-27
Porter Ranch,2,39.4346,-121.0205,2020-03-27
Reseda,8,34.2011,-118.5360,2020-03-27
San Pedro,8,33.7361,-118.2922,2020-03-27
Sherman Oaks,21,34.1500,-118.4489,2020-03-27
Silverlake,12,34.0869,-118.2702,2020-03-27
South Carthay,5,34.0561,-118.3734,2020-03-27
South Park,3,34.0418,-118.2639,2020-03-27
Studio City,10,34.1413,-118.3878,2020-03-27
Sun Valley,3,34.2274,-118.3811,2020-03-27
Sylmar,4,34.3058,-118.4572,2020-03-27
Tarzana,17,34.1509,-118.5517,2020-03-27
Temple-Beaudry,5,34.0629,-118.2513,2020-03-27
Tujunga,2,34.2633,-118.3027,2020-03-27
University Park,4,34.0315,-118.2797,2020-03-27
Valley Glen,2,34.1838,-118.4172,2020-03-27
Valley Village,13,34.1633,-118.3842,2020-03-27
Van Nuys,4,34.1899,-118.4514,2020-03-27
Venice,11,33.9764,-118.4667,2020-03-27
Vermont Vista,2,33.9465,-118.2826,2020-03-27
Vernon Central,3,34.0043,-118.2570,2020-03-27
Watts,1,33.9386,-118.2380,2020-03-27
West Adams,6,34.0342,-118.3623,2020-03-27
West Hills,5,34.1973,-118.6440,2020-03-27
West Los Angeles,9,34.0399,-118.4422,2020-03-27
West Vernon,6,34.0039,-118.2301,2020-03-27
Westchester,8,33.9597,-118.4006,2020-03-27
Westlake,1,34.1458,-118.8056,2020-03-27
Westwood,16,34.0561,-118.4297,2020-03-27
Wholesale District,8,34.0300,-118.2452,2020-03-27
Wilmington,5,33.7800,-118.2617,2020-03-27
Wilshire Center,4,34.0642,-118.2984,2020-03-27
Winnetka,3,34.2059,-118.5754,2020-03-27
Woodland Hills,14,34.1659,-118.6104,2020-03-27
Altadena,9,34.1902,-118.1313,2020-03-27
Athens-Westmont,5,33.9238,-118.3019,2020-03-27
Castaic,3,34.4889,-118.6229,2020-03-27
East Los Angeles,6,34.0316,-118.1724,2020-03-27
Hacienda Heights,2,33.9931,-117.9687,2020-03-27
Rowland Heights,1,33.9761,-117.9053,2020-03-27
South Whittier,3,33.9608,-118.0417,2020-03-27
Long Beach,54,33.7701,-118.1937,2020-03-27
Pasadena,9,34.1561,-118.1319,2020-03-27
- Under Investigation,154,#N/A,#N/A,2020-03-28
Long Beach,75,33.7701,-118.1937,2020-03-28
Melrose,56,34.0837,-118.3366,2020-03-28
West Hollywood,50,34.0907,-118.3860,2020-03-28
Santa Monica,38,34.0242,-118.4965,2020-03-28
Hollywood,38,34.1016,-118.3337,2020-03-28
Glendale,36,34.1425,-118.2551,2020-03-28
Santa Clarita,32,34.3917,-118.5426,2020-03-28
Torrance,32,33.8408,-118.3454,2020-03-28
Brentwood,31,34.0519,-118.4731,2020-03-28
Carson,26,33.8374,-118.2559,2020-03-28
Encino,26,34.1517,-118.5214,2020-03-28
North Hollywood,26,34.1870,-118.3813,2020-03-28
Sherman Oaks,25,34.1500,-118.4489,2020-03-28
Redondo Beach,24,33.8492,-118.3884,2020-03-28
Manhattan Beach,23,33.8812,-118.4072,2020-03-28
Hollywood Hills,23,34.1341,-118.3215,2020-03-28
Beverly Hills,21,34.0736,-118.4004,2020-03-28
Lancaster,19,34.6868,-118.1542,2020-03-28
Tarzana,19,34.1509,-118.5517,2020-03-28
Downey,18,33.9451,-118.1281,2020-03-28
Woodland Hills,18,34.1659,-118.6104,2020-03-28
Burbank,17,34.1808,-118.3090,2020-03-28
Beverly Crest,17,34.1024,-118.4163,2020-03-28
Hancock Park,17,34.0745,-118.3304,2020-03-28
Westwood,17,34.0561,-118.4297,2020-03-28
Palms,15,34.0237,-118.4151,2020-03-28
Inglewood,14,33.9610,-118.3554,2020-03-28
Palos Verdes Estates,14,33.7871,-118.3976,2020-03-28
Silverlake,14,34.0869,-118.2702,2020-03-28
Valley Village,14,34.1633,-118.3842,2020-03-28
Lynwood,13,33.9293,-118.2139,2020-03-28
Venice,13,33.9764,-118.4667,2020-03-28
West Los Angeles,13,34.0399,-118.4422,2020-03-28
Bellflower,12,33.8822,-118.1180,2020-03-28
Norwalk,12,33.9022,-118.0817,2020-03-28
Westchester,12,33.9597,-118.4006,2020-03-28
Hawthorne,11,33.9194,-118.3540,2020-03-28
Lakewood,11,33.8536,-118.1340,2020-03-28
South Gate,11,33.9560,-118.2113,2020-03-28
Pacific Palisades,11,34.0481,-118.5265,2020-03-28
Reseda,11,34.2011,-118.5360,2020-03-28
Wholesale District,11,34.0300,-118.2452,2020-03-28
Alhambra,10,34.0953,-118.1270,2020-03-28
Calabasas,10,34.1383,-118.6608,2020-03-28
Beverlywood,10,34.0409,-118.3919,2020-03-28
Del Rey,10,33.9878,-118.4229,2020-03-28
Koreatown,10,34.0578,-118.3009,2020-03-28
Studio City,10,34.1413,-118.3878,2020-03-28
Altadena,10,34.1902,-118.1313,2020-03-28
Agoura Hills,9,34.1364,-118.7745,2020-03-28
Compton,9,33.8958,-118.2201,2020-03-28
Carthay,9,34.0573,-118.3679,2020-03-28
Crestview,9,34.0458,-118.3816,2020-03-28
Downtown,9,34.0422,-118.2488,2020-03-28
San Pedro,9,33.7361,-118.2922,2020-03-28
Pasadena,9,34.1561,-118.1319,2020-03-28
Arcadia,8,34.1397,-118.0353,2020-03-28
Rancho Palos Verdes,8,33.7445,-118.3870,2020-03-28
Bel Air,8,34.0833,-118.4487,2020-03-28
Boyle Heights,8,34.0339,-118.2054,2020-03-28
Century City,8,34.0556,-118.4179,2020-03-28
Eagle Rock,8,34.1322,-118.2117,2020-03-28
Granada Hills,8,34.2794,-118.5022,2020-03-28
Mar Vista,8,34.0037,-118.4690,2020-03-28
Mid-city,8,34.0429,-118.3344,2020-03-28
Miracle Mile,8,34.0597,-118.3500,2020-03-28
Northridge,8,34.2379,-118.5302,2020-03-28
Sylmar,8,34.3058,-118.4572,2020-03-28
West Vernon,8,34.0039,-118.2301,2020-03-28
Winnetka,8,34.2059,-118.5754,2020-03-28
East Los Angeles,8,34.0316,-118.1724,2020-03-28
Culver City,7,34.0211,-118.3965,2020-03-28
La Canada Flintridge,7,34.2091,-118.2001,2020-03-28
Baldwin Hills,7,34.0047,-118.3415,2020-03-28
Glassell Park,7,34.1161,-118.2290,2020-03-28
West Adams,7,34.0342,-118.3623,2020-03-28
Wilmington,7,33.7800,-118.2617,2020-03-28
Athens-Westmont,7,33.9238,-118.3019,2020-03-28
Gardena,6,33.8938,-118.3080,2020-03-28
La Mirada,6,33.9190,-118.0105,2020-03-28
Palmdale,6,34.5794,-118.1093,2020-03-28
San Gabriel,6,34.0968,-118.1057,2020-03-28
Whittier,6,33.9679,-118.0189,2020-03-28
Florence-Firestone,6,33.9632,-118.2426,2020-03-28
Highland Park,6,34.1145,-118.1842,2020-03-28
Lake Balboa,6,34.1839,-118.4954,2020-03-28
Van Nuys,6,34.1899,-118.4514,2020-03-28
West Carson,6,33.8206,-118.2934,2020-03-28
Bell,5,33.9761,-118.1851,2020-03-28
Monterey Park,5,34.0625,-118.1228,2020-03-28
Paramount,5,33.8895,-118.1598,2020-03-28
Pico Rivera,5,33.9831,-118.0967,2020-03-28
West Covina,5,34.0686,-117.9390,2020-03-28
Century Palms/Cove,5,33.9461,-118.2732,2020-03-28
East Hollywood,5,34.0948,-118.2910,2020-03-28
Los Feliz,5,34.1124,-118.2851,2020-03-28
Mission Hills,5,34.2723,-118.4689,2020-03-28
Playa Vista,5,33.9728,-118.4276,2020-03-28
South Carthay,5,34.0561,-118.3734,2020-03-28
Sun Valley,5,34.2274,-118.3811,2020-03-28
Temple-Beaudry,5,34.0629,-118.2513,2020-03-28
University Park,5,34.0315,-118.2797,2020-03-28
West Hills,5,34.1973,-118.6440,2020-03-28
South Whittier,5,33.9608,-118.0417,2020-03-28
Glendora,4,34.1361,-117.8653,2020-03-28
Monrovia,4,34.1481,-117.9990,2020-03-28
Pomona,4,34.0551,-117.7500,2020-03-28
Arleta,4,34.2419,-118.4256,2020-03-28
Chatsworth,4,34.2506,-118.6148,2020-03-28
Exposition Park,4,34.0147,-118.2872,2020-03-28
Harbor Gateway,4,33.8501,-118.2991,2020-03-28
Panorama City,4,34.2247,-118.4498,2020-03-28
Pico-Union,4,34.0446,-118.2770,2020-03-28
South Park,4,34.0418,-118.2639,2020-03-28
Wilshire Center,4,34.0642,-118.2984,2020-03-28
Castaic,4,34.4889,-118.6229,2020-03-28
Covina,3,34.0900,-117.8903,2020-03-28
Lawndale,3,33.8881,-118.3535,2020-03-28
Montebello,3,34.0095,-118.1054,2020-03-28
South Pasadena,3,34.1165,-118.1468,2020-03-28
Canoga Park,3,34.2011,-118.5981,2020-03-28
Central,3,34.0833,-118.4487,2020-03-28
Pacoima,3,34.2625,-118.4270,2020-03-28
Porter Ranch,3,39.4346,-121.0205,2020-03-28
Valley Glen,3,34.1838,-118.4172,2020-03-28
Vermont Vista,3,33.9465,-118.2826,2020-03-28
Vernon Central,3,34.0043,-118.2570,2020-03-28
Diamond Bar,2,34.0286,-117.8103,2020-03-28
Huntington Park,2,33.9849,-118.2278,2020-03-28
La Puente,2,34.0200,-117.9495,2020-03-28
Maywood,2,33.9885,-118.1874,2020-03-28
San Dimas,2,34.1067,-117.8067,2020-03-28
Walnut,2,34.0203,-117.8653,2020-03-28
Harvard Park,2,33.9841,-118.3042,2020-03-28
Hyde Park,2,33.9819,-118.3309,2020-03-28
Little Bangladesh,2,34.0691,-118.2956,2020-03-28
North Hills,2,34.2362,-118.4851,2020-03-28
Tujunga,2,34.2633,-118.3027,2020-03-28
Westlake,2,34.1458,-118.8056,2020-03-28
Hacienda Heights,2,33.9931,-117.9687,2020-03-28
Azusa,1,34.1336,-117.9076,2020-03-28
Bell Gardens,1,33.9653,-118.1515,2020-03-28
Cerritos,1,33.8584,-118.0648,2020-03-28
Claremont,1,34.1261,-117.7158,2020-03-28
La Verne,1,34.1202,-117.7704,2020-03-28
Rosemead,1,34.0806,-118.0728,2020-03-28
Temple City,1,34.1072,-118.0579,2020-03-28
El Sereno,1,34.0875,-118.1715,2020-03-28
Harbor City,1,33.7900,-118.2978,2020-03-28
Lincoln Heights,1,34.0706,-118.2051,2020-03-28
Watts,1,33.9386,-118.2380,2020-03-28
Rowland Heights,1,33.9761,-117.9053,2020-03-28
Willowbrook,1,33.9170,-118.2551,2020-03-28
Agoura Hills,9,34.1364,-118.7745,2020-03-29
Alhambra,10,34.0953,-118.1270,2020-03-29
Arcadia,9,34.1397,-118.0353,2020-03-29
Azuza,2,34.1336,-117.9076,2020-03-29
Bell,6,33.9761,-118.1851,2020-03-29
Bell Gardens,1,33.9653,-118.1515,2020-03-29
Bellflower,14,33.8822,-118.1180,2020-03-29
Beverly Hills,24,34.0736,-118.4004,2020-03-29
Burbank,19,34.1808,-118.3090,2020-03-29
Calabasas,10,34.1383,-118.6608,2020-03-29
Carson,28,33.8374,-118.2559,2020-03-29
Cerritos,4,33.8584,-118.0648,2020-03-29
Claremont,1,34.1261,-117.7158,2020-03-29
Compton,11,33.8958,-118.2201,2020-03-29
Covina,6,34.0900,-117.8903,2020-03-29
Culver City,9,34.0211,-118.3965,2020-03-29
Diamond Bar,3,34.0286,-117.8103,2020-03-29
Downey,19,33.9451,-118.1281,2020-03-29
Gardena,6,33.8938,-118.3080,2020-03-29
Glendale,46,34.1425,-118.2551,2020-03-29
Glendora,6,34.1361,-117.8653,2020-03-29
Hawthorne,11,33.9194,-118.3540,2020-03-29
Hermosa Beach,6,33.8621,-118.4000,2020-03-29
Huntington Park,2,33.9849,-118.2278,2020-03-29
Inglewood,20,33.9610,-118.3554,2020-03-29
La Canada Flintridge,7,34.2091,-118.2001,2020-03-29
La Mirada,7,33.9190,-118.0105,2020-03-29
La Puente,3,34.0200,-117.9495,2020-03-29
La Verne,1,34.1202,-117.7704,2020-03-29
Lakewood,12,33.8536,-118.1340,2020-03-29
Lancaster,23,34.6868,-118.1542,2020-03-29
Lawndale,4,33.8881,-118.3535,2020-03-29
Lynwood,14,33.9293,-118.2139,2020-03-29
Manhattan Beach,27,33.8812,-118.4072,2020-03-29
Maywood,4,33.9885,-118.1874,2020-03-29
Monrovia,4,34.1481,-117.9990,2020-03-29
Montebello,4,34.0095,-118.1054,2020-03-29
Monterey Park,5,34.0625,-118.1228,2020-03-29
Norwalk,12,33.9022,-118.0817,2020-03-29
Palmdale,7,34.5794,-118.1093,2020-03-29
Palos Verdes Estates,14,33.7871,-118.3976,2020-03-29
Paramount,6,33.8895,-118.1598,2020-03-29
Pico Rivera,5,33.9831,-118.0967,2020-03-29
Pomona,4,34.0551,-117.7500,2020-03-29
Rancho Palos Verdes,8,33.7445,-118.3870,2020-03-29
Redondo Beach,29,33.8492,-118.3884,2020-03-29
Rosemead,2,34.0806,-118.0728,2020-03-29
San Dimas,3,34.1067,-117.8067,2020-03-29
San Gabriel,6,34.0968,-118.1057,2020-03-29
Santa Clarita,38,34.3917,-118.5426,2020-03-29
Santa Monica,41,34.0242,-118.4965,2020-03-29
South Gate,12,33.9560,-118.2113,2020-03-29
South Pasadena,5,34.1165,-118.1468,2020-03-29
Temple City,2,34.1072,-118.0579,2020-03-29
Torrance,34,33.8408,-118.3454,2020-03-29
Walnut,3,34.0203,-117.8653,2020-03-29
West Covina,6,34.0686,-117.9390,2020-03-29
West Hollywood,52,34.0907,-118.3860,2020-03-29
Whittier,8,33.9679,-118.0189,2020-03-29
Arleta,5,34.2419,-118.4256,2020-03-29
Baldwin Hills,9,34.0047,-118.3415,2020-03-29
Bel Air,9,34.0833,-118.4487,2020-03-29
Beverly Crest,18,34.1024,-118.4163,2020-03-29
Beverlywood,11,34.0409,-118.3919,2020-03-29
Boyle Heights,10,34.0339,-118.2054,2020-03-29
Brentwood,33,34.0519,-118.4731,2020-03-29
Canoga Park,3,34.2011,-118.5981,2020-03-29
Carthay,13,34.0573,-118.3679,2020-03-29
Central,4,34.0833,-118.4487,2020-03-29
Century City,8,34.0556,-118.4179,2020-03-29
Century Palms/Cove,8,33.9461,-118.2732,2020-03-29
Chatsworth,8,34.2506,-118.6148,2020-03-29
Crestview,11,34.0458,-118.3816,2020-03-29
Del Rey,12,33.9878,-118.4229,2020-03-29
Downtown,10,34.0422,-118.2488,2020-03-29
Eagle Rock,8,34.1322,-118.2117,2020-03-29
East Hollywood,6,34.0948,-118.2910,2020-03-29
El Sereno,3,34.0875,-118.1715,2020-03-29
Encino,27,34.1517,-118.5214,2020-03-29
Exposition Park,4,34.0147,-118.2872,2020-03-29
Florence-Firestone,6,33.9632,-118.2426,2020-03-29
Glassell Park,7,34.1161,-118.2290,2020-03-29
Granada Hills,8,34.2794,-118.5022,2020-03-29
Hancock Park,18,34.0745,-118.3304,2020-03-29
Harbor City,2,33.7900,-118.2978,2020-03-29
Harbor Gateway,4,33.8501,-118.2991,2020-03-29
Harvard Park,2,33.9841,-118.3042,2020-03-29
Highland Park,8,34.1145,-118.1842,2020-03-29
Hollywood,44,34.1016,-118.3337,2020-03-29
Hollywood Hills,24,34.1341,-118.3215,2020-03-29
Hyde Park,4,33.9819,-118.3309,2020-03-29
Koreatown,10,34.0578,-118.3009,2020-03-29
Lake Balboa,8,34.1839,-118.4954,2020-03-29
Lincoln Heights,2,34.0706,-118.2051,2020-03-29
Little Bangladesh,4,34.0691,-118.2956,2020-03-29
Los Feliz,8,34.1124,-118.2851,2020-03-29
Mar Vista,9,34.0037,-118.4690,2020-03-29
Melrose,71,34.0837,-118.3366,2020-03-29
Mid-city,9,34.0429,-118.3344,2020-03-29
Miracle Mile,9,34.0597,-118.3500,2020-03-29
Mission Hills,5,34.2723,-118.4689,2020-03-29
North Hills,6,34.2362,-118.4851,2020-03-29
North Hollywood,30,34.1870,-118.3813,2020-03-29
Northridge,8,34.2379,-118.5302,2020-03-29
Pacific Palisades,15,34.0481,-118.5265,2020-03-29
Pacoima,3,34.2625,-118.4270,2020-03-29
Palms,20,34.0237,-118.4151,2020-03-29
Panorama City,6,34.2247,-118.4498,2020-03-29
Pico-Union,4,34.0446,-118.2770,2020-03-29
Playa Vista,5,33.9728,-118.4276,2020-03-29
Porter Ranch,6,39.4346,-121.0205,2020-03-29
Reseda,13,34.2011,-118.5360,2020-03-29
San Pedro,10,33.7361,-118.2922,2020-03-29
Sherman Oaks,27,34.1500,-118.4489,2020-03-29
Silverlake,16,34.0869,-118.2702,2020-03-29
South Carthay,6,34.0561,-118.3734,2020-03-29
South Park,4,34.0418,-118.2639,2020-03-29
Studio City,14,34.1413,-118.3878,2020-03-29
Sun Valley,6,34.2274,-118.3811,2020-03-29
Sylmar,15,34.3058,-118.4572,2020-03-29
Tarzana,23,34.1509,-118.5517,2020-03-29
Temple-Beaudry,5,34.0629,-118.2513,2020-03-29
Tujunga,3,34.2633,-118.3027,2020-03-29
University Park,5,34.0315,-118.2797,2020-03-29
Valley Glen,4,34.1838,-118.4172,2020-03-29
Valley Village,18,34.1633,-118.3842,2020-03-29
Van Nuys,7,34.1899,-118.4514,2020-03-29
Venice,17,33.9764,-118.4667,2020-03-29
Vermont Vista,5,33.9465,-118.2826,2020-03-29
Vernon Central,3,34.0043,-118.2570,2020-03-29
Watts,2,33.9386,-118.2380,2020-03-29
West Adams,7,34.0342,-118.3623,2020-03-29
West Hills,6,34.1973,-118.6440,2020-03-29
West Los Angeles,18,34.0399,-118.4422,2020-03-29
West Vernon,8,34.0039,-118.2301,2020-03-29
Westchester,17,33.9597,-118.4006,2020-03-29
Westlake,5,34.1458,-118.8056,2020-03-29
Westwood,22,34.0561,-118.4297,2020-03-29
Wholesale District,12,34.0300,-118.2452,2020-03-29
Wilmington,10,33.7800,-118.2617,2020-03-29
Wilshire Center,5,34.0642,-118.2984,2020-03-29
Winnetka,9,34.2059,-118.5754,2020-03-29
Woodland Hills,19,34.1659,-118.6104,2020-03-29
Altadena,10,34.1902,-118.1313,2020-03-29
Athens-Westmont,7,33.9238,-118.3019,2020-03-29
Castaic,4,34.4889,-118.6229,2020-03-29
East Los Angeles,9,34.0316,-118.1724,2020-03-29
Hacienda Heights,2,33.9931,-117.9687,2020-03-29
Lennox,5,33.9397,-118.3529,2020-03-29
Rowland Heights,3,33.9761,-117.9053,2020-03-29
South Whittier,5,33.9608,-118.0417,2020-03-29
West Carson,7,33.8206,-118.2934,2020-03-29
Willowbrook,1,33.9170,-118.2551,2020-03-29
Long Beach,88,33.7701,-118.1937,2020-03-29
Pasadena,10,34.1561,-118.1319,2020-03-29
Agoura Hills,9,34.1364,-118.7745,2020-03-30
Alhambra,11,34.0953,-118.1270,2020-03-30
Arcadia,9,34.1397,-118.0353,2020-03-30
Azuza,3,34.1336,-117.9076,2020-03-30
Bell,11,33.9761,-118.1851,2020-03-30
Bell Gardens,2,33.9653,-118.1515,2020-03-30
Bellflower,17,33.8822,-118.1180,2020-03-30
Beverly Hills,28,34.0736,-118.4004,2020-03-30
Burbank,21,34.1808,-118.3090,2020-03-30
Calabasas,11,34.1383,-118.6608,2020-03-30
Carson,35,33.8374,-118.2559,2020-03-30
Cerritos,5,33.8584,-118.0648,2020-03-30
Claremont,1,34.1261,-117.7158,2020-03-30
Compton,13,33.8958,-118.2201,2020-03-30
Covina,8,34.0900,-117.8903,2020-03-30
Culver City,14,34.0211,-118.3965,2020-03-30
Diamond Bar,3,34.0286,-117.8103,2020-03-30
Downey,25,33.9451,-118.1281,2020-03-30
El Monte,1,34.0733,-118.0275,2020-03-30
Gardena,7,33.8938,-118.3080,2020-03-30
Glendale,62,34.1425,-118.2551,2020-03-30
Glendora,6,34.1361,-117.8653,2020-03-30
Hawthorne,13,33.9194,-118.3540,2020-03-30
Hermosa Beach,7,33.8621,-118.4000,2020-03-30
Huntington Park,4,33.9849,-118.2278,2020-03-30
Inglewood,26,33.9610,-118.3554,2020-03-30
La Canada Flintridge,8,34.2091,-118.2001,2020-03-30
La Mirada,7,33.9190,-118.0105,2020-03-30
La Puente,3,34.0200,-117.9495,2020-03-30
La Verne,2,34.1202,-117.7704,2020-03-30
Lakewood,13,33.8536,-118.1340,2020-03-30
Lancaster,27,34.6868,-118.1542,2020-03-30
Lawndale,4,33.8881,-118.3535,2020-03-30
Lynwood,16,33.9293,-118.2139,2020-03-30
Manhattan Beach,31,33.8812,-118.4072,2020-03-30
Maywood,5,33.9885,-118.1874,2020-03-30
Monrovia,4,34.1481,-117.9990,2020-03-30
Montebello,4,34.0095,-118.1054,2020-03-30
Monterey Park,5,34.0625,-118.1228,2020-03-30
Norwalk,15,33.9022,-118.0817,2020-03-30
Palmdale,9,34.5794,-118.1093,2020-03-30
Palos Verdes Estates,14,33.7871,-118.3976,2020-03-30
Paramount,7,33.8895,-118.1598,2020-03-30
Pico Rivera,6,33.9831,-118.0967,2020-03-30
Pomona,5,34.0551,-117.7500,2020-03-30
Rancho Palos Verdes,10,33.7445,-118.3870,2020-03-30
Redondo Beach,34,33.8492,-118.3884,2020-03-30
Rosemead,2,34.0806,-118.0728,2020-03-30
San Dimas,3,34.1067,-117.8067,2020-03-30
San Gabriel,6,34.0968,-118.1057,2020-03-30
Santa Clarita,41,34.3917,-118.5426,2020-03-30
Santa Monica,47,34.0242,-118.4965,2020-03-30
South Gate,14,33.9560,-118.2113,2020-03-30
South Pasadena,5,34.1165,-118.1468,2020-03-30
Temple City,1,34.1072,-118.0579,2020-03-30
Torrance,43,33.8408,-118.3454,2020-03-30
Walnut,3,34.0203,-117.8653,2020-03-30
West Covina,7,34.0686,-117.9390,2020-03-30
West Hollywood,53,34.0907,-118.3860,2020-03-30
Whittier,8,33.9679,-118.0189,2020-03-30
Arleta,5,34.2419,-118.4256,2020-03-30
Baldwin Hills,9,34.0047,-118.3415,2020-03-30
Bel Air,9,34.0833,-118.4487,2020-03-30
Beverly Crest,19,34.1024,-118.4163,2020-03-30
Beverlywood,11,34.0409,-118.3919,2020-03-30
Boyle Heights,11,34.0339,-118.2054,2020-03-30
Brentwood,34,34.0519,-118.4731,2020-03-30
Canoga Park,4,34.2011,-118.5981,2020-03-30
Carthay,15,34.0573,-118.3679,2020-03-30
Central,6,34.0833,-118.4487,2020-03-30
Century City,9,34.0556,-118.4179,2020-03-30
Century Palms/Cove,8,33.9461,-118.2732,2020-03-30
Chatsworth,10,34.2506,-118.6148,2020-03-30
Cheviot Hills,5,34.0458,-118.4079,2020-03-30
Crestview,13,34.0458,-118.3816,2020-03-30
Del Rey,14,33.9878,-118.4229,2020-03-30
Downtown,11,34.0422,-118.2488,2020-03-30
Eagle Rock,8,34.1322,-118.2117,2020-03-30
East Hollywood,10,34.0948,-118.2910,2020-03-30
Echo Park,5,34.0782,-118.2606,2020-03-30
El Sereno,3,34.0875,-118.1715,2020-03-30
Encino,29,34.1517,-118.5214,2020-03-30
Exposition Park,4,34.0147,-118.2872,2020-03-30
Florence-Firestone,7,33.9632,-118.2426,2020-03-30
Glassell Park,8,34.1161,-118.2290,2020-03-30
Granada Hills,9,34.2794,-118.5022,2020-03-30
Hancock Park,26,34.0745,-118.3304,2020-03-30
Harbor City,4,33.7900,-118.2978,2020-03-30
Harbor Gateway,6,33.8501,-118.2991,2020-03-30
Harvard Park,3,33.9841,-118.3042,2020-03-30
Highland Park,9,34.1145,-118.1842,2020-03-30
Hollywood,49,34.1016,-118.3337,2020-03-30
Hollywood Hills,26,34.1341,-118.3215,2020-03-30
Hyde Park,6,33.9819,-118.3309,2020-03-30
Koreatown,13,34.0578,-118.3009,2020-03-30
Lake Balboa,11,34.1839,-118.4954,2020-03-30
Lincoln Heights,2,34.0706,-118.2051,2020-03-30
Little Bangladesh,5,34.0691,-118.2956,2020-03-30
Los Feliz,11,34.1124,-118.2851,2020-03-30
Mar Vista,13,34.0037,-118.4690,2020-03-30
Melrose,82,34.0837,-118.3366,2020-03-30
Mid-city,10,34.0429,-118.3344,2020-03-30
Miracle Mile,10,34.0597,-118.3500,2020-03-30
Mission Hills,6,34.2723,-118.4689,2020-03-30
North Hills,7,34.2362,-118.4851,2020-03-30
North Hollywood,34,34.1870,-118.3813,2020-03-30
Northridge,8,34.2379,-118.5302,2020-03-30
Pacific Palisades,18,34.0481,-118.5265,2020-03-30
Pacoima,4,34.2625,-118.4270,2020-03-30
Palms,21,34.0237,-118.4151,2020-03-30
Panorama City,7,34.2247,-118.4498,2020-03-30
Pico-Union,5,34.0446,-118.2770,2020-03-30
Playa Vista,5,33.9728,-118.4276,2020-03-30
Porter Ranch,6,39.4346,-121.0205,2020-03-30
Reseda,20,34.2011,-118.5360,2020-03-30
San Pedro,11,33.7361,-118.2922,2020-03-30
Sherman Oaks,32,34.1500,-118.4489,2020-03-30
Silverlake,18,34.0869,-118.2702,2020-03-30
South Carthay,8,34.0561,-118.3734,2020-03-30
South Park,4,34.0418,-118.2639,2020-03-30
Studio City,15,34.1413,-118.3878,2020-03-30
Sun Valley,6,34.2274,-118.3811,2020-03-30
Sylmar,18,34.3058,-118.4572,2020-03-30
Tarzana,24,34.1509,-118.5517,2020-03-30
Temple-Beaudry,8,34.0629,-118.2513,2020-03-30
Tujunga,4,34.2633,-118.3027,2020-03-30
University Park,6,34.0315,-118.2797,2020-03-30
Valley Glen,4,34.1838,-118.4172,2020-03-30
Valley Village,19,34.1633,-118.3842,2020-03-30
Van Nuys,10,34.1899,-118.4514,2020-03-30
Venice,18,33.9764,-118.4667,2020-03-30
Vermont Vista,5,33.9465,-118.2826,2020-03-30
Vernon Central,4,34.0043,-118.2570,2020-03-30
Watts,2,33.9386,-118.2380,2020-03-30
West Adams,9,34.0342,-118.3623,2020-03-30
West Hills,7,34.1973,-118.6440,2020-03-30
West Los Angeles,19,34.0399,-118.4422,2020-03-30
West Vernon,9,34.0039,-118.2301,2020-03-30
Westchester,17,33.9597,-118.4006,2020-03-30
Westlake,7,34.1458,-118.8056,2020-03-30
Westwood,26,34.0561,-118.4297,2020-03-30
Wholesale District,10,34.0300,-118.2452,2020-03-30
Wilmington,10,33.7800,-118.2617,2020-03-30
Wilshire Center,8,34.0642,-118.2984,2020-03-30
Winnetka,9,34.2059,-118.5754,2020-03-30
Woodland Hills,22,34.1659,-118.6104,2020-03-30
Altadena,10,34.1902,-118.1313,2020-03-30
Athens-Westmont,7,33.9238,-118.3019,2020-03-30
Castaic,3,34.4889,-118.6229,2020-03-30
East Los Angeles,11,34.0316,-118.1724,2020-03-30
Hacienda Heights,2,33.9931,-117.9687,2020-03-30
Lennox,7,33.9397,-118.3529,2020-03-30
Rowland Heights,3,33.9761,-117.9053,2020-03-30
South Whittier,5,33.9608,-118.0417,2020-03-30
West Carson,8,33.8206,-118.2934,2020-03-30
Willowbrook,2,33.9170,-118.2551,2020-03-30
- Under Investigation,222,#N/A,#N/A,2020-03-30
Long Beach,99,33.7701,-118.1937,2020-03-30
Pasadena,10,34.1561,-118.1319,2020-03-30
Agoura Hills,11,34.1364,-118.7745,2020-03-31
Alhambra,13,34.0953,-118.1270,2020-03-31
Arcadia,10,34.1397,-118.0353,2020-03-31
Azusa,5,34.1336,-117.9076,2020-03-31
Baldwin Park,2,34.0853,-117.9609,2020-03-31
Bell,12,33.9761,-118.1851,2020-03-31
Bell Gardens,4,33.9653,-118.1515,2020-03-31
Bellflower,20,33.8822,-118.1180,2020-03-31
Beverly Hills,35,34.0736,-118.4004,2020-03-31
Burbank,27,34.1808,-118.3090,2020-03-31
Calabasas,13,34.1383,-118.6608,2020-03-31
Carson,39,33.8374,-118.2559,2020-03-31
Cerritos,6,33.8584,-118.0648,2020-03-31
Claremont,2,34.1261,-117.7158,2020-03-31
Compton,16,33.8958,-118.2201,2020-03-31
Covina,7,34.0900,-117.8903,2020-03-31
Culver City,15,34.0211,-118.3965,2020-03-31
Diamond Bar,3,34.0286,-117.8103,2020-03-31
Downey,31,33.9451,-118.1281,2020-03-31
El Monte,4,34.0733,-118.0275,2020-03-31
Gardena,12,33.8938,-118.3080,2020-03-31
Glendale,76,34.1425,-118.2551,2020-03-31
Glendora,7,34.1361,-117.8653,2020-03-31
Hawthorne,19,33.9194,-118.3540,2020-03-31
Hermosa Beach,9,33.8621,-118.4000,2020-03-31
Huntington Park,11,33.9849,-118.2278,2020-03-31
Inglewood,31,33.9610,-118.3554,2020-03-31
La Canada Flintridge,8,34.2091,-118.2001,2020-03-31
La Mirada,8,33.9190,-118.0105,2020-03-31
La Puente,3,34.0200,-117.9495,2020-03-31
La Verne,2,34.1202,-117.7704,2020-03-31
Lakewood,16,33.8536,-118.1340,2020-03-31
Lancaster,31,34.6868,-118.1542,2020-03-31
Lawndale,6,33.8881,-118.3535,2020-03-31
Lynwood,18,33.9293,-118.2139,2020-03-31
Manhattan Beach,40,33.8812,-118.4072,2020-03-31
Maywood,6,33.9885,-118.1874,2020-03-31
Monrovia,5,34.1481,-117.9990,2020-03-31
Montebello,5,34.0095,-118.1054,2020-03-31
Monterey Park,7,34.0625,-118.1228,2020-03-31
Norwalk,21,33.9022,-118.0817,2020-03-31
Palmdale,14,34.5794,-118.1093,2020-03-31
Palos Verdes Estates,14,33.7871,-118.3976,2020-03-31
Paramount,8,33.8895,-118.1598,2020-03-31
Pico Rivera,9,33.9831,-118.0967,2020-03-31
Pomona,10,34.0551,-117.7500,2020-03-31
Rancho Palos Verdes,13,33.7445,-118.3870,2020-03-31
Redondo Beach,39,33.8492,-118.3884,2020-03-31
Rosemead,2,34.0806,-118.0728,2020-03-31
San Dimas,4,34.1067,-117.8067,2020-03-31
San Gabriel,6,34.0968,-118.1057,2020-03-31
Santa Clarita,48,34.3917,-118.5426,2020-03-31
Santa Monica,49,34.0242,-118.4965,2020-03-31
South Gate,19,33.9560,-118.2113,2020-03-31
South Pasadena,6,34.1165,-118.1468,2020-03-31
Temple City,1,34.1072,-118.0579,2020-03-31
Torrance,53,33.8408,-118.3454,2020-03-31
Walnut,3,34.0203,-117.8653,2020-03-31
West Covina,7,34.0686,-117.9390,2020-03-31
West Hollywood,56,34.0907,-118.3860,2020-03-31
Whittier,12,33.9679,-118.0189,2020-03-31
Adams-Normandie,5,34.0343,-118.2993,2020-03-31
Arleta,7,34.2419,-118.4256,2020-03-31
Baldwin Hills,11,34.0047,-118.3415,2020-03-31
Bel Air,11,34.0833,-118.4487,2020-03-31
Beverly Crest,20,34.1024,-118.4163,2020-03-31
Beverlywood,13,34.0409,-118.3919,2020-03-31
Boyle Heights,11,34.0339,-118.2054,2020-03-31
Brentwood,36,34.0519,-118.4731,2020-03-31
Canoga Park,7,34.2011,-118.5981,2020-03-31
Carthay,16,34.0573,-118.3679,2020-03-31
Central,11,34.0833,-118.4487,2020-03-31
Century City,13,34.0556,-118.4179,2020-03-31
Century Palms/Cove,10,33.9461,-118.2732,2020-03-31
Chatsworth,14,34.2506,-118.6148,2020-03-31
Cheviot Hills,6,34.0458,-118.4079,2020-03-31
Country Club Park,5,34.0503,-118.3212,2020-03-31
Crestview,13,34.0458,-118.3816,2020-03-31
Del Rey,16,33.9878,-118.4229,2020-03-31
Downtown,14,34.0422,-118.2488,2020-03-31
Eagle Rock,10,34.1322,-118.2117,2020-03-31
East Hollywood,13,34.0948,-118.2910,2020-03-31
Echo Park,5,34.0782,-118.2606,2020-03-31
El Sereno,3,34.0875,-118.1715,2020-03-31
Encino,30,34.1517,-118.5214,2020-03-31
Exposition Park,7,34.0147,-118.2872,2020-03-31
Florence-Firestone,12,33.9632,-118.2426,2020-03-31
Glassell Park,11,34.1161,-118.2290,2020-03-31
Granada Hills,10,34.2794,-118.5022,2020-03-31
Green Meadows,7,33.9556,-118.2694,2020-03-31
Hancock Park,30,34.0745,-118.3304,2020-03-31
Harbor City,5,33.7900,-118.2978,2020-03-31
Harbor Gateway,9,33.8501,-118.2991,2020-03-31
Harvard Park,4,33.9841,-118.3042,2020-03-31
Highland Park,9,34.1145,-118.1842,2020-03-31
Hollywood,61,34.1016,-118.3337,2020-03-31
Hollywood Hills,29,34.1341,-118.3215,2020-03-31
Hyde Park,7,33.9819,-118.3309,2020-03-31
Koreatown,14,34.0578,-118.3009,2020-03-31
Lake Balboa,11,34.1839,-118.4954,2020-03-31
Lakeview Terrace,5,34.2764,-118.3612,2020-03-31
Lincoln Heights,4,34.0706,-118.2051,2020-03-31
Little Bangladesh,5,34.0691,-118.2956,2020-03-31
Los Feliz,13,34.1124,-118.2851,2020-03-31
Mar Vista,13,34.0037,-118.4690,2020-03-31
Melrose,100,34.0837,-118.3366,2020-03-31
Mid-city,11,34.0429,-118.3344,2020-03-31
Miracle Mile,12,34.0597,-118.3500,2020-03-31
Mission Hills,6,34.2723,-118.4689,2020-03-31
North Hills,9,34.2362,-118.4851,2020-03-31
North Hollywood,39,34.1870,-118.3813,2020-03-31
Northridge,9,34.2379,-118.5302,2020-03-31
Pacific Palisades,22,34.0481,-118.5265,2020-03-31
Pacoima,5,34.2625,-118.4270,2020-03-31
Palms,25,34.0237,-118.4151,2020-03-31
Panorama City,7,34.2247,-118.4498,2020-03-31
Pico-Union,7,34.0446,-118.2770,2020-03-31
Playa Vista,7,33.9728,-118.4276,2020-03-31
Porter Ranch,8,39.4346,-121.0205,2020-03-31
Reseda,20,34.2011,-118.5360,2020-03-31
San Pedro,14,33.7361,-118.2922,2020-03-31
Sherman Oaks,33,34.1500,-118.4489,2020-03-31
Silverlake,20,34.0869,-118.2702,2020-03-31
South Carthay,8,34.0561,-118.3734,2020-03-31
South Park,5,34.0418,-118.2639,2020-03-31
Studio City,18,34.1413,-118.3878,2020-03-31
Sun Valley,8,34.2274,-118.3811,2020-03-31
Sunland,5,34.2660,-118.3114,2020-03-31
Sylmar,25,34.3058,-118.4572,2020-03-31
Tarzana,26,34.1509,-118.5517,2020-03-31
Temple-Beaudry,10,34.0629,-118.2513,2020-03-31
Tujunga,5,34.2633,-118.3027,2020-03-31
University Park,12,34.0315,-118.2797,2020-03-31
Valley Glen,7,34.1838,-118.4172,2020-03-31
Valley Village,21,34.1633,-118.3842,2020-03-31
Van Nuys,13,34.1899,-118.4514,2020-03-31
Venice,18,33.9764,-118.4667,2020-03-31
Vermont Vista,6,33.9465,-118.2826,2020-03-31
Vernon Central,5,34.0043,-118.2570,2020-03-31
Watts,7,33.9386,-118.2380,2020-03-31
West Adams,12,34.0342,-118.3623,2020-03-31
West Hills,10,34.1973,-118.6440,2020-03-31
West Los Angeles,20,34.0399,-118.4422,2020-03-31
West Vernon,13,34.0039,-118.2301,2020-03-31
Westchester,17,33.9597,-118.4006,2020-03-31
Westlake,10,34.1458,-118.8056,2020-03-31
Westwood,28,34.0561,-118.4297,2020-03-31
Wholesale District,10,34.0300,-118.2452,2020-03-31
Wilmington,12,33.7800,-118.2617,2020-03-31
Wilshire Center,8,34.0642,-118.2984,2020-03-31
Winnetka,10,34.2059,-118.5754,2020-03-31
Woodland Hills,25,34.1659,-118.6104,2020-03-31
Altadena,12,34.1902,-118.1313,2020-03-31
Athens-Westmont,11,33.9238,-118.3019,2020-03-31
Castaic,3,34.4889,-118.6229,2020-03-31
East Los Angeles,14,34.0316,-118.1724,2020-03-31
Hacienda Heights,5,33.9931,-117.9687,2020-03-31
Ladera Heights,5,33.9878,-118.3704,2020-03-31
Lennox,8,33.9397,-118.3529,2020-03-31
Marina del Rey,5,33.9803,-118.4517,2020-03-31
Rowland Heights,3,33.9761,-117.9053,2020-03-31
South Whittier,7,33.9608,-118.0417,2020-03-31
West Carson,9,33.8206,-118.2934,2020-03-31
Willowbrook,2,33.9170,-118.2551,2020-03-31
- Under Investigation,309,#N/A,#N/A,2020-03-31
Long Beach,115,33.7701,-118.1937,2020-03-31
Pasadena,25,34.1561,-118.1319,2020-03-31
Agoura Hills,10,34.1364,-118.7745,2020-04-01
Alhambra,13,34.0953,-118.1270,2020-04-01
Arcadia,12,34.1397,-118.0353,2020-04-01
Azusa,7,34.1336,-117.9076,2020-04-01
Baldwin Park,3,34.0853,-117.9609,2020-04-01
Bell,12,33.9761,-118.1851,2020-04-01
Bell Gardens,5,33.9653,-118.1515,2020-04-01
Bellflower,23,33.8822,-118.1180,2020-04-01
Beverly Hills,39,34.0736,-118.4004,2020-04-01
Burbank,39,34.1808,-118.3090,2020-04-01
Calabasas,13,34.1383,-118.6608,2020-04-01
Carson,44,33.8374,-118.2559,2020-04-01
Cerritos,8,33.8584,-118.0648,2020-04-01
Claremont,3,34.1261,-117.7158,2020-04-01
Compton,19,33.8958,-118.2201,2020-04-01
Covina,9,34.0900,-117.8903,2020-04-01
Culver City,17,34.0211,-118.3965,2020-04-01
Diamond Bar,6,34.0286,-117.8103,2020-04-01
Downey,37,33.9451,-118.1281,2020-04-01
El Monte,6,34.0733,-118.0275,2020-04-01
Gardena,14,33.8938,-118.3080,2020-04-01
Glendale,86,34.1425,-118.2551,2020-04-01
Glendora,7,34.1361,-117.8653,2020-04-01
Hawthorne,22,33.9194,-118.3540,2020-04-01
Hermosa Beach,12,33.8621,-118.4000,2020-04-01
Huntington Park,13,33.9849,-118.2278,2020-04-01
Inglewood,37,33.9610,-118.3554,2020-04-01
La Canada Flintridge,8,34.2091,-118.2001,2020-04-01
La Mirada,9,33.9190,-118.0105,2020-04-01
La Puente,6,34.0200,-117.9495,2020-04-01
La Verne,2,34.1202,-117.7704,2020-04-01
Lakewood,18,33.8536,-118.1340,2020-04-01
Lancaster,32,34.6868,-118.1542,2020-04-01
Lawndale,7,33.8881,-118.3535,2020-04-01
Lynwood,20,33.9293,-118.2139,2020-04-01
Manhattan Beach,41,33.8812,-118.4072,2020-04-01
Maywood,8,33.9885,-118.1874,2020-04-01
Monrovia,7,34.1481,-117.9990,2020-04-01
Montebello,7,34.0095,-118.1054,2020-04-01
Monterey Park,9,34.0625,-118.1228,2020-04-01
Norwalk,21,33.9022,-118.0817,2020-04-01
Palmdale,18,34.5794,-118.1093,2020-04-01
Palos Verdes Estates,15,33.7871,-118.3976,2020-04-01
Paramount,10,33.8895,-118.1598,2020-04-01
Pico Rivera,14,33.9831,-118.0967,2020-04-01
Pomona,13,34.0551,-117.7500,2020-04-01
Rancho Palos Verdes,16,33.7445,-118.3870,2020-04-01
Redondo Beach,50,33.8492,-118.3884,2020-04-01
Rosemead,3,34.0806,-118.0728,2020-04-01
San Dimas,5,34.1067,-117.8067,2020-04-01
San Fernando,5,34.2819,-118.4390,2020-04-01
San Gabriel,6,34.0968,-118.1057,2020-04-01
Santa Clarita,50,34.3917,-118.5426,2020-04-01
Santa Monica,53,34.0242,-118.4965,2020-04-01
South Gate,25,33.9560,-118.2113,2020-04-01
South Pasadena,7,34.1165,-118.1468,2020-04-01
Temple City,1,34.1072,-118.0579,2020-04-01
Torrance,63,33.8408,-118.3454,2020-04-01
Walnut,4,34.0203,-117.8653,2020-04-01
West Covina,7,34.0686,-117.9390,2020-04-01
West Hollywood,64,34.0907,-118.3860,2020-04-01
Whittier,15,33.9679,-118.0189,2020-04-01
Adams-Normandie,8,34.0343,-118.2993,2020-04-01
Arleta,7,34.2419,-118.4256,2020-04-01
Baldwin Hills,13,34.0047,-118.3415,2020-04-01
Bel Air,12,34.0833,-118.4487,2020-04-01
Beverly Crest,22,34.1024,-118.4163,2020-04-01
Beverlywood,15,34.0409,-118.3919,2020-04-01
Boyle Heights,15,34.0339,-118.2054,2020-04-01
Brentwood,39,34.0519,-118.4731,2020-04-01
Canoga Park,10,34.2011,-118.5981,2020-04-01
Carthay,17,34.0573,-118.3679,2020-04-01
Central,13,34.0833,-118.4487,2020-04-01
Century City,17,34.0556,-118.4179,2020-04-01
Century Palms/Cove,11,33.9461,-118.2732,2020-04-01
Chatsworth,18,34.2506,-118.6148,2020-04-01
Cheviot Hills,8,34.0458,-118.4079,2020-04-01
Cloverdale/Cochran,5,34.0626,-118.3465,2020-04-01
Country Club Park,8,34.0503,-118.3212,2020-04-01
Crenshaw District,5,34.0158,-118.3453,2020-04-01
Crestview,15,34.0458,-118.3816,2020-04-01
Del Rey,17,33.9878,-118.4229,2020-04-01
Downtown,15,34.0422,-118.2488,2020-04-01
Eagle Rock,11,34.1322,-118.2117,2020-04-01
East Hollywood,12,34.0948,-118.2910,2020-04-01
Echo Park,6,34.0782,-118.2606,2020-04-01
El Sereno,4,34.0875,-118.1715,2020-04-01
Encino,32,34.1517,-118.5214,2020-04-01
Exposition Park,8,34.0147,-118.2872,2020-04-01
Florence-Firestone,14,33.9632,-118.2426,2020-04-01
Glassell Park,16,34.1161,-118.2290,2020-04-01
Granada Hills,14,34.2794,-118.5022,2020-04-01
Green Meadows,8,33.9556,-118.2694,2020-04-01
Hancock Park,33,34.0745,-118.3304,2020-04-01
Harbor City,7,33.7900,-118.2978,2020-04-01
Harbor Gateway,9,33.8501,-118.2991,2020-04-01
Harvard Heights,5,34.0440,-118.3042,2020-04-01
Harvard Park,4,33.9841,-118.3042,2020-04-01
Highland Park,9,34.1145,-118.1842,2020-04-01
Historic Filipinotown,5,34.0703,-118.2680,2020-04-01
Hollywood,67,34.1016,-118.3337,2020-04-01
Hollywood Hills,32,34.1341,-118.3215,2020-04-01
Hyde Park,8,33.9819,-118.3309,2020-04-01
Koreatown,18,34.0578,-118.3009,2020-04-01
Lake Balboa,14,34.1839,-118.4954,2020-04-01
Lakeview Terrace,6,34.2764,-118.3612,2020-04-01
Leimert Park,7,34.0118,-118.3234,2020-04-01
Lincoln Heights,5,34.0706,-118.2051,2020-04-01
Little Bangladesh,8,34.0691,-118.2956,2020-04-01
Los Feliz,14,34.1124,-118.2851,2020-04-01
Mar Vista,18,34.0037,-118.4690,2020-04-01
Marina Peninsula,6,33.9797,-118.4657,2020-04-01
Melrose,104,34.0837,-118.3366,2020-04-01
Mid-city,13,34.0429,-118.3344,2020-04-01
Miracle Mile,12,34.0597,-118.3500,2020-04-01
Mission Hills,6,34.2723,-118.4689,2020-04-01
North Hills,11,34.2362,-118.4851,2020-04-01
North Hollywood,45,34.1870,-118.3813,2020-04-01
Northridge,12,34.2379,-118.5302,2020-04-01
Pacific Palisades,23,34.0481,-118.5265,2020-04-01
Pacoima,7,34.2625,-118.4270,2020-04-01
Palms,27,34.0237,-118.4151,2020-04-01
Panorama City,11,34.2247,-118.4498,2020-04-01
Park La Brea,5,34.0702,-118.3497,2020-04-01
Pico-Union,9,34.0446,-118.2770,2020-04-01
Playa Vista,7,33.9728,-118.4276,2020-04-01
Porter Ranch,8,39.4346,-121.0205,2020-04-01
Reseda,20,34.2011,-118.5360,2020-04-01
San Pedro,14,33.7361,-118.2922,2020-04-01
Sherman Oaks,37,34.1500,-118.4489,2020-04-01
Silverlake,25,34.0869,-118.2702,2020-04-01
South Carthay,9,34.0561,-118.3734,2020-04-01
South Park,11,34.0418,-118.2639,2020-04-01
Studio City,19,34.1413,-118.3878,2020-04-01
Sun Valley,9,34.2274,-118.3811,2020-04-01
Sunland,8,34.2660,-118.3114,2020-04-01
Sylmar,30,34.3058,-118.4572,2020-04-01
Tarzana,29,34.1509,-118.5517,2020-04-01
Temple-Beaudry,11,34.0629,-118.2513,2020-04-01
Tujunga,5,34.2633,-118.3027,2020-04-01
University Park,14,34.0315,-118.2797,2020-04-01
Valley Glen,8,34.1838,-118.4172,2020-04-01
Valley Village,23,34.1633,-118.3842,2020-04-01
Van Nuys,17,34.1899,-118.4514,2020-04-01
Venice,18,33.9764,-118.4667,2020-04-01
Vermont Knolls,5,33.9293,-118.2893,2020-04-01
Vermont Vista,7,33.9465,-118.2826,2020-04-01
Vernon Central,5,34.0043,-118.2570,2020-04-01
Watts,7,33.9386,-118.2380,2020-04-01
West Adams,14,34.0342,-118.3623,2020-04-01
West Hills,10,34.1973,-118.6440,2020-04-01
West Los Angeles,22,34.0399,-118.4422,2020-04-01
West Vernon,15,34.0039,-118.2301,2020-04-01
Westchester,18,33.9597,-118.4006,2020-04-01
Westlake,13,34.1458,-118.8056,2020-04-01
Westwood,26,34.0561,-118.4297,2020-04-01
Wholesale District,10,34.0300,-118.2452,2020-04-01
Wilmington,13,33.7800,-118.2617,2020-04-01
Wilshire Center,12,34.0642,-118.2984,2020-04-01
Winnetka,11,34.2059,-118.5754,2020-04-01
Woodland Hills,29,34.1659,-118.6104,2020-04-01
Altadena,14,34.1902,-118.1313,2020-04-01
Athens-Westmont,13,33.9238,-118.3019,2020-04-01
Castaic,3,34.4889,-118.6229,2020-04-01
East Los Angeles,16,34.0316,-118.1724,2020-04-01
Florence-Firestone,19,33.9632,-118.2426,2020-04-01
Hacienda Heights,8,33.9931,-117.9687,2020-04-01
Ladera Heights,5,33.9878,-118.3704,2020-04-01
Lennox,8,33.9397,-118.3529,2020-04-01
Marina del Rey,5,33.9803,-118.4517,2020-04-01
Rowland Heights,5,33.9761,-117.9053,2020-04-01
South San Gabriel,5,34.0492,-118.0949,2020-04-01
South Whittier,8,33.9608,-118.0417,2020-04-01
View Park/Windsor Hills,7,33.9943,-118.3447,2020-04-01
West Carson,11,33.8206,-118.2934,2020-04-01
West Whittier/Los Nietos,1,33.9760,-118.0691,2020-04-01
Willowbrook,5,33.9170,-118.2551,2020-04-01
- Under Investigation,394,#N/A,#N/A,2020-04-01
Long Beach,133,33.7701,-118.1937,2020-04-01
Pasadena,33,34.1561,-118.1319,2020-04-01
Agoura Hills,14,34.1364,-118.7745,2020-04-02
Alhambra,15,34.0953,-118.1270,2020-04-02
Arcadia,12,34.1397,-118.0353,2020-04-02
Azusa,8,34.1336,-117.9076,2020-04-02
Baldwin Park,5,34.0853,-117.9609,2020-04-02
Bell,14,33.9761,-118.1851,2020-04-02
Bell Gardens,5,33.9653,-118.1515,2020-04-02
Bellflower,24,33.8822,-118.1180,2020-04-02
Beverly Hills,45,34.0736,-118.4004,2020-04-02
Burbank,41,34.1808,-118.3090,2020-04-02
Calabasas,13,34.1383,-118.6608,2020-04-02
Carson,55,33.8374,-118.2559,2020-04-02
Cerritos,10,33.8584,-118.0648,2020-04-02
Claremont,3,34.1261,-117.7158,2020-04-02
Compton,24,33.8958,-118.2201,2020-04-02
Covina,11,34.0900,-117.8903,2020-04-02
Cudahy,9,33.9609,-118.1858,2020-04-02
Culver City,19,34.0211,-118.3965,2020-04-02
Diamond Bar,7,34.0286,-117.8103,2020-04-02
Downey,43,33.9451,-118.1281,2020-04-02
El Monte,7,34.0733,-118.0275,2020-04-02
Gardena,17,33.8938,-118.3080,2020-04-02
Glendale,93,34.1425,-118.2551,2020-04-02
Glendora,7,34.1361,-117.8653,2020-04-02
Hawthorne,26,33.9194,-118.3540,2020-04-02
Hermosa Beach,15,33.8621,-118.4000,2020-04-02
Huntington Park,15,33.9849,-118.2278,2020-04-02
Inglewood,44,33.9610,-118.3554,2020-04-02
La Canada Flintridge,8,34.2091,-118.2001,2020-04-02
La Mirada,11,33.9190,-118.0105,2020-04-02
La Puente,7,34.0200,-117.9495,2020-04-02
La Verne,2,34.1202,-117.7704,2020-04-02
Lakewood,21,33.8536,-118.1340,2020-04-02
Lancaster,33,34.6868,-118.1542,2020-04-02
Lawndale,8,33.8881,-118.3535,2020-04-02
Lynwood,21,33.9293,-118.2139,2020-04-02
Malibu,5,34.0259,-118.7798,2020-04-02
Manhattan Beach,43,33.8812,-118.4072,2020-04-02
Maywood,10,33.9885,-118.1874,2020-04-02
Monrovia,7,34.1481,-117.9990,2020-04-02
Montebello,9,34.0095,-118.1054,2020-04-02
Monterey Park,11,34.0625,-118.1228,2020-04-02
Norwalk,26,33.9022,-118.0817,2020-04-02
Palmdale,20,34.5794,-118.1093,2020-04-02
Palos Verdes Estates,18,33.7871,-118.3976,2020-04-02
Paramount,13,33.8895,-118.1598,2020-04-02
Pico Rivera,15,33.9831,-118.0967,2020-04-02
Pomona,15,34.0551,-117.7500,2020-04-02
Rancho Palos Verdes,20,33.7445,-118.3870,2020-04-02
Redondo Beach,54,33.8492,-118.3884,2020-04-02
Rolling Hills Estates,5,33.7878,-118.3581,2020-04-02
Rosemead,3,34.0806,-118.0728,2020-04-02
San Dimas,6,34.1067,-117.8067,2020-04-02
San Fernando,5,34.2819,-118.4390,2020-04-02
San Gabriel,7,34.0968,-118.1057,2020-04-02
Santa Clarita,65,34.3917,-118.5426,2020-04-02
Santa Monica,56,34.0242,-118.4965,2020-04-02
South Gate,30,33.9560,-118.2113,2020-04-02
South Pasadena,7,34.1165,-118.1468,2020-04-02
Temple City,1,34.1072,-118.0579,2020-04-02
Torrance,69,33.8408,-118.3454,2020-04-02
Walnut,4,34.0203,-117.8653,2020-04-02
West Covina,7,34.0686,-117.9390,2020-04-02
West Hollywood,68,34.0907,-118.3860,2020-04-02
Whittier,16,33.9679,-118.0189,2020-04-02
Adams-Normandie,8,34.0343,-118.2993,2020-04-02
Arleta,7,34.2419,-118.4256,2020-04-02
Baldwin Hills,13,34.0047,-118.3415,2020-04-02
Bel Air,12,34.0833,-118.4487,2020-04-02
Beverly Crest,23,34.1024,-118.4163,2020-04-02
Beverlywood,15,34.0409,-118.3919,2020-04-02
Boyle Heights,20,34.0339,-118.2054,2020-04-02
Brentwood,42,34.0519,-118.4731,2020-04-02
Canoga Park,16,34.2011,-118.5981,2020-04-02
Carthay,17,34.0573,-118.3679,2020-04-02
Central,16,34.0833,-118.4487,2020-04-02
Century City,17,34.0556,-118.4179,2020-04-02
Century Palms/Cove,11,33.9461,-118.2732,2020-04-02
Chatsworth,20,34.2506,-118.6148,2020-04-02
Cheviot Hills,9,34.0458,-118.4079,2020-04-02
Cloverdale/Cochran,5,34.0626,-118.3465,2020-04-02
Country Club Park,9,34.0503,-118.3212,2020-04-02
Crenshaw District,7,34.0158,-118.3453,2020-04-02
Crestview,17,34.0458,-118.3816,2020-04-02
Del Rey,20,33.9878,-118.4229,2020-04-02
Downtown,15,34.0422,-118.2488,2020-04-02
Eagle Rock,13,34.1322,-118.2117,2020-04-02
East Hollywood,12,34.0948,-118.2910,2020-04-02
Echo Park,6,34.0782,-118.2606,2020-04-02
El Sereno,9,34.0875,-118.1715,2020-04-02
Encino,33,34.1517,-118.5214,2020-04-02
Exposition Park,13,34.0147,-118.2872,2020-04-02
Florence-Firestone,18,33.9632,-118.2426,2020-04-02
Glassell Park,18,34.1161,-118.2290,2020-04-02
Gramercy Place,5,34.0468,-118.3127,2020-04-02
Granada Hills,19,34.2794,-118.5022,2020-04-02
Green Meadows,8,33.9556,-118.2694,2020-04-02
Hancock Park,34,34.0745,-118.3304,2020-04-02
Harbor City,8,33.7900,-118.2978,2020-04-02
Harbor Gateway,11,33.8501,-118.2991,2020-04-02
Harvard Heights,6,34.0440,-118.3042,2020-04-02
Harvard Park,5,33.9841,-118.3042,2020-04-02
Highland Park,10,34.1145,-118.1842,2020-04-02
Historic Filipinotown,6,34.0703,-118.2680,2020-04-02
Hollywood,71,34.1016,-118.3337,2020-04-02
Hollywood Hills,34,34.1341,-118.3215,2020-04-02
Hyde Park,10,33.9819,-118.3309,2020-04-02
Koreatown,21,34.0578,-118.3009,2020-04-02
Lake Balboa,16,34.1839,-118.4954,2020-04-02
Lakeview Terrace,8,34.2764,-118.3612,2020-04-02
Leimert Park,10,34.0118,-118.3234,2020-04-02
Lincoln Heights,6,34.0706,-118.2051,2020-04-02
Little Bangladesh,9,34.0691,-118.2956,2020-04-02
Los Feliz,16,34.1124,-118.2851,2020-04-02
Mar Vista,21,34.0037,-118.4690,2020-04-02
Marina Peninsula,6,33.9797,-118.4657,2020-04-02
Melrose,113,34.0837,-118.3366,2020-04-02
Mid-city,14,34.0429,-118.3344,2020-04-02
Miracle Mile,12,34.0597,-118.3500,2020-04-02
Mission Hills,6,34.2723,-118.4689,2020-04-02
North Hills,13,34.2362,-118.4851,2020-04-02
North Hollywood,57,34.1870,-118.3813,2020-04-02
Northridge,14,34.2379,-118.5302,2020-04-02
Pacific Palisades,24,34.0481,-118.5265,2020-04-02
Pacoima,8,34.2625,-118.4270,2020-04-02
Palms,28,34.0237,-118.4151,2020-04-02
Panorama City,16,34.2247,-118.4498,2020-04-02
Park La Brea,6,34.0702,-118.3497,2020-04-02
Pico-Union,9,34.0446,-118.2770,2020-04-02
Playa Vista,7,33.9728,-118.4276,2020-04-02
Porter Ranch,12,39.4346,-121.0205,2020-04-02
Reseda,21,34.2011,-118.5360,2020-04-02
San Pedro,19,33.7361,-118.2922,2020-04-02
Shadow Hills,5,34.2575,-118.3550,2020-04-02
Sherman Oaks,43,34.1500,-118.4489,2020-04-02
Silverlake,25,34.0869,-118.2702,2020-04-02
South Carthay,14,34.0561,-118.3734,2020-04-02
South Park,12,34.0418,-118.2639,2020-04-02
Studio City,19,34.1413,-118.3878,2020-04-02
Sun Valley,10,34.2274,-118.3811,2020-04-02
Sunland,9,34.2660,-118.3114,2020-04-02
Sylmar,35,34.3058,-118.4572,2020-04-02
Tarzana,29,34.1509,-118.5517,2020-04-02
Temple-Beaudry,12,34.0629,-118.2513,2020-04-02
Tujunga,5,34.2633,-118.3027,2020-04-02
University Park,15,34.0315,-118.2797,2020-04-02
Valley Glen,11,34.1838,-118.4172,2020-04-02
Valley Village,23,34.1633,-118.3842,2020-04-02
Van Nuys,22,34.1899,-118.4514,2020-04-02
Venice,20,33.9764,-118.4667,2020-04-02
Vermont Knolls,7,33.9293,-118.2893,2020-04-02
Vermont Square,5,34.0037,-118.3002,2020-04-02
Vermont Vista,7,33.9465,-118.2826,2020-04-02
Vernon Central,7,34.0043,-118.2570,2020-04-02
Victoria Park,6,34.0470,-118.3319,2020-04-02
Watts,11,33.9386,-118.2380,2020-04-02
West Adams,15,34.0342,-118.3623,2020-04-02
West Hills,11,34.1973,-118.6440,2020-04-02
West Los Angeles,24,34.0399,-118.4422,2020-04-02
West Vernon,17,34.0039,-118.2301,2020-04-02
Westchester,18,33.9597,-118.4006,2020-04-02
Westlake,20,34.1458,-118.8056,2020-04-02
Westwood,25,34.0561,-118.4297,2020-04-02
Wholesale District,12,34.0300,-118.2452,2020-04-02
Wilmington,13,33.7800,-118.2617,2020-04-02
Wilshire Center,15,34.0642,-118.2984,2020-04-02
Winnetka,15,34.2059,-118.5754,2020-04-02
Woodland Hills,33,34.1659,-118.6104,2020-04-02
Altadena,16,34.1902,-118.1313,2020-04-02
Athens-Westmont,15,33.9238,-118.3019,2020-04-02
Castaic,4,34.4889,-118.6229,2020-04-02
Covina,6,34.0900,-117.8903,2020-04-02
East Los Angeles,23,34.0316,-118.1724,2020-04-02
Florence-Firestone,23,33.9632,-118.2426,2020-04-02
Hacienda Heights,12,33.9931,-117.9687,2020-04-02
Ladera Heights,6,33.9878,-118.3704,2020-04-02
Lennox,9,33.9397,-118.3529,2020-04-02
Marina del Rey,5,33.9803,-118.4517,2020-04-02
Rowland Heights,6,33.9761,-117.9053,2020-04-02
South San Gabriel,5,34.0492,-118.0949,2020-04-02
South Whittier,9,33.9608,-118.0417,2020-04-02
Stevenson Ranch,5,34.3873,-118.5802,2020-04-02
View Park/Windsor Hills,7,33.9943,-118.3447,2020-04-02
West Carson,11,33.8206,-118.2934,2020-04-02
West Whittier/Los Nietos,2,33.9760,-118.0691,2020-04-02
Willowbrook,6,33.9170,-118.2551,2020-04-02
- Under Investigation,505,#N/A,#N/A,2020-04-02
Long Beach,139,33.7701,-118.1937,2020-04-02
Pasadena,37,34.1561,-118.1319,2020-04-02