CITY/COMMUNITY (if in Los Angeles City),new_cases,total_cases,lat,long,date
Alhambra,0,1,34.0953,-118.1270,3/18/2020
Arcadia,0,2,34.1397,-118.0353,3/18/2020
Beverly Hills,0,4,34.0736,-118.4004,3/18/2020
Carson,0,1,33.8374,-118.2559,3/18/2020
Culver City,0,2,34.0211,-118.3965,3/18/2020
Diamond Bar,0,2,34.0286,-117.8103,3/18/2020
Gardena,0,1,33.8938,-118.3080,3/18/2020
Glendale,0,4,34.1425,-118.2551,3/18/2020
Inglewood,0,1,33.9610,-118.3554,3/18/2020
La Mirada,0,3,33.9190,-118.0105,3/18/2020
Baldwin Hills,0,1,34.0047,-118.3415,3/18/2020
Boyle Heights,0,5,34.0339,-118.2054,3/18/2020
Brentwood,1,2,34.0519,-118.4731,3/18/2020
Century Palms/Cove,1,1,33.9461,-118.2732,3/18/2020
Eagle Rock,0,1,34.1322,-118.2117,3/18/2020
Encino,1,6,34.1517,-118.5214,3/18/2020
Granada Hills,0,3,34.2794,-118.5022,3/18/2020
Hollywood,3,5,34.1016,-118.3337,3/18/2020
Hollywood Hills,0,2,34.1341,-118.3215,3/18/2020
Koreatown,0,1,34.0578,-118.3009,3/18/2020
Mar Vista,0,1,34.0037,-118.4690,3/18/2020
Melrose,1,10,34.0837,-118.3366,3/18/2020
North Hollywood,1,2,34.1870,-118.3813,3/18/2020
Northridge,0,1,34.2379,-118.5302,3/18/2020
Reseda,0,1,34.2011,-118.5360,3/18/2020
San Pedro,0,1,33.7361,-118.2922,3/18/2020
Sherman Oaks,2,4,34.1500,-118.4489,3/18/2020
Silverlake,0,1,34.0869,-118.2702,3/18/2020
Sylmar,1,1,34.3058,-118.4572,3/18/2020
Tarzana,0,5,34.1509,-118.5517,3/18/2020
Venice,2,4,33.9764,-118.4667,3/18/2020
West Adams,0,1,34.0342,-118.3623,3/18/2020
West Hills,0,3,34.1973,-118.6440,3/18/2020
West Los Angeles,1,1,34.0399,-118.4422,3/18/2020
West Vernon,0,1,34.0039,-118.2301,3/18/2020
Westchester,0,2,33.9597,-118.4006,3/18/2020
Woodland Hills,1,3,34.1659,-118.6104,3/18/2020
Lynwood,0,1,33.9293,-118.2139,3/18/2020
Manhattan Beach,0,4,33.8812,-118.4072,3/18/2020
Monterey Park,1,2,34.0625,-118.1228,3/18/2020
San Dimas,0,1,34.1067,-117.8067,3/18/2020
Santa Clarita,0,2,34.3917,-118.5426,3/18/2020
Santa Monica,1,3,34.0242,-118.4965,3/18/2020
South Pasadena,0,1,34.1165,-118.1468,3/18/2020
Torrance,1,2,33.8408,-118.3454,3/18/2020
Walnut,1,1,34.0203,-117.8653,3/18/2020
West Hollywood,2,11,34.0907,-118.3860,3/18/2020
Alhambra,,2,34.0953,-118.1270,3/19/2020
Arcadia,,2,34.1397,-118.0353,3/19/2020
Baldwin Hills,,1,34.0047,-118.3415,3/19/2020
Beverly Hills,,4,34.0736,-118.4004,3/19/2020
Beverlywood,,2,34.0409,-118.3919,3/19/2020
Boyle Heights,,5,34.0339,-118.2054,3/19/2020
Brentwood,,13,34.0519,-118.4731,3/19/2020
Burbank,,1,34.1808,-118.3090,3/19/2020
Calabasas,,1,34.1383,-118.6608,3/19/2020
Carson,,1,33.8374,-118.2559,3/19/2020
Castaic,,1,34.4889,-118.6229,3/19/2020
Covina,,1,34.0900,-117.8903,3/19/2020
Crestview,,1,34.0458,-118.3816,3/19/2020
Culver City,,3,34.0211,-118.3965,3/19/2020
Diamond Bar,,2,34.0286,-117.8103,3/19/2020
Eagle Rock,,1,34.1322,-118.2117,3/19/2020
East Los Angeles,,1,34.0316,-118.1724,3/19/2020
Echo Park,,1,34.0782,-118.2606,3/19/2020
Encino,,6,34.1517,-118.5214,3/19/2020
Gardena,,1,33.8938,-118.3080,3/19/2020
Glendale,,4,34.1425,-118.2551,3/19/2020
Granada Hills,,4,34.2794,-118.5022,3/19/2020
Hancock Park,,2,34.0745,-118.3304,3/19/2020
Hawthorne,,1,33.9194,-118.3540,3/19/2020
Hollywood Hills,,2,34.1341,-118.3215,3/19/2020
Hollywood,,5,34.1016,-118.3337,3/19/2020
Inglewood,,2,33.9610,-118.3554,3/19/2020
Koreatown,,1,34.0578,-118.3009,3/19/2020
La Mirada,,3,33.9190,-118.0105,3/19/2020
Lawndale,,1,33.8881,-118.3535,3/19/2020
Lomita,,5,33.7922,-118.3151,3/19/2020
Lynwood,,1,33.9293,-118.2139,3/19/2020
Manhattan Beach,,5,33.8812,-118.4072,3/19/2020
Mar Vista,,1,34.0037,-118.4690,3/19/2020
Melrose,,11,34.0837,-118.3366,3/19/2020
Monterey Park,,2,34.0625,-118.1228,3/19/2020
North Hollywood,,3,34.1870,-118.3813,3/19/2020
Northridge,,1,34.2379,-118.5302,3/19/2020
Pacific Palisades,,5,34.0481,-118.5265,3/19/2020
Palms,,1,34.0237,-118.4151,3/19/2020
Park LaBrea,,3,34.0702,-118.3497,3/19/2020
Playa Vista,,1,33.9728,-118.4276,3/19/2020
Reseda,,1,34.2011,-118.5360,3/19/2020
San Dimas,,1,34.1067,-117.8067,3/19/2020
San Pedro,,1,33.7361,-118.2922,3/19/2020
Santa Clarita,,3,34.3917,-118.5426,3/19/2020
Santa Monica Mountains,,2,34.1203,-118.9318,3/19/2020
Santa Monica,,2,34.0242,-118.4965,3/19/2020
Sherman Oaks,,5,34.1500,-118.4489,3/19/2020
South El Monte,,1,34.0493,-118.0469,3/19/2020
South Pasadena,,1,34.1165,-118.1468,3/19/2020
Stevenson Ranch,,1,34.3873,-118.5802,3/19/2020
Studio City,,3,34.1413,-118.3878,3/19/2020
Sylmar,,1,34.3058,-118.4572,3/19/2020
Tarzana,,5,34.1509,-118.5517,3/19/2020
Torrance,,2,33.8408,-118.3454,3/19/2020
Tujunga,,1,34.2633,-118.3027,3/19/2020
University Park,,1,34.0315,-118.2797,3/19/2020
Valley Glen,,1,34.1838,-118.4172,3/19/2020
Van Nuys,,1,34.1899,-118.4514,3/19/2020
Venice,,4,33.9764,-118.4667,3/19/2020
Vermont Knolls,,1,33.9293,-118.2893,3/19/2020
Walnut,,1,34.0203,-117.8653,3/19/2020
West Adams,,1,34.0342,-118.3623,3/19/2020
West Hills,,3,34.1973,-118.6440,3/19/2020
West Hollywood,,12,34.0907,-118.3860,3/19/2020
West Los Angeles,,2,34.0399,-118.4422,3/19/2020
West Vernon,,1,34.0039,-118.2301,3/19/2020
Westchester,,3,33.9597,-118.4006,3/19/2020
Westwood,,2,34.0561,-118.4297,3/19/2020
Whittier,,2,33.9679,-118.0189,3/19/2020
Woodland Hills,,3,34.1659,-118.6104,3/19/2020
Under Investigation,,30,#N/A,#N/A,3/19/2020
Long Beach,,12,33.7701,-118.1937,3/19/2020
Pasadena,,2,34.1561,-118.1319,3/19/2020
Alhambra,,3,34.0953,-118.1270,3/20/2020
Altadena,,2,34.1902,-118.1313,3/20/2020
Arcadia,,2,34.1397,-118.0353,3/20/2020
Baldwin Hills,,1,34.0047,-118.3415,3/20/2020
Beverly Hills,,5,34.0736,-118.4004,3/20/2020
Beverlywood,,2,34.0409,-118.3919,3/20/2020
Boyle Heights,,5,34.0339,-118.2054,3/20/2020
Brentwood,,16,34.0519,-118.4731,3/20/2020
Burbank,,1,34.1808,-118.3090,3/20/2020
Calabasas,,1,34.1383,-118.6608,3/20/2020
Carson,,3,33.8374,-118.2559,3/20/2020
Castaic,,1,34.4889,-118.6229,3/20/2020
Century City,,4,34.0556,-118.4179,3/20/2020
Century Palms/Cove,,1,33.9461,-118.2732,3/20/2020
Covina,,1,34.0900,-117.8903,3/20/2020
Crestview,,1,34.0458,-118.3816,3/20/2020
Culver City,,4,34.0211,-118.3965,3/20/2020
Diamond Bar,,2,34.0286,-117.8103,3/20/2020
Downtown,,1,34.0422,-118.2488,3/20/2020
Eagle Rock,,1,34.1322,-118.2117,3/20/2020
East Los Angeles,,1,34.0316,-118.1724,3/20/2020
Echo Park,,1,34.0782,-118.2606,3/20/2020
El Segundo,,1,33.9192,-118.4165,3/20/2020
Encino,,8,34.1517,-118.5214,3/20/2020
Gardena,,1,33.8938,-118.3080,3/20/2020
Glendale,,4,34.1425,-118.2551,3/20/2020
Granada Hills,,4,34.2794,-118.5022,3/20/2020
Hancock Park,,2,34.0745,-118.3304,3/20/2020
Hawthorne,,2,33.9194,-118.3540,3/20/2020
Hollywood,,7,34.1016,-118.3337,3/20/2020
Hollywood Hills,,2,34.1341,-118.3215,3/20/2020
Inglewood,,2,33.9610,-118.3554,3/20/2020
Koreatown,,1,34.0578,-118.3009,3/20/2020
La Mirada,,3,33.9190,-118.0105,3/20/2020
Lake Balboa,,1,34.1839,-118.4954,3/20/2020
Lakewood,,1,33.8536,-118.1340,3/20/2020
Lancaster,,3,34.6868,-118.1542,3/20/2020
Lawndale,,1,33.8881,-118.3535,3/20/2020
Lomita,,5,33.7922,-118.3151,3/20/2020
Lynwood,,1,33.9293,-118.2139,3/20/2020
Manhattan Beach,,6,33.8812,-118.4072,3/20/2020
Mar Vista,,3,34.0037,-118.4690,3/20/2020
Melrose,,11,34.0837,-118.3366,3/20/2020
Miracle Mile,,1,34.0597,-118.3500,3/20/2020
Monterey Park,,2,34.0625,-118.1228,3/20/2020
North Hollywood,,5,34.1870,-118.3813,3/20/2020
Northridge,,1,34.2379,-118.5302,3/20/2020
Pacific Palisades,,6,34.0481,-118.5265,3/20/2020
Palms,,1,34.0237,-118.4151,3/20/2020
Park LaBrea,,4,34.0702,-118.3497,3/20/2020
Playa Vista,,1,33.9728,-118.4276,3/20/2020
Redondo Beach,,1,33.8492,-118.3884,3/20/2020
Reseda,,2,34.2011,-118.5360,3/20/2020
San Dimas,,1,34.1067,-117.8067,3/20/2020
San Fernado,,1,34.2819,-118.4390,3/20/2020
San Pedro,,1,33.7361,-118.2922,3/20/2020
Santa Clarita,,4,34.3917,-118.5426,3/20/2020
Santa Monica,,4,34.0242,-118.4965,3/20/2020
Santa Monica Mountains,,2,34.1203,-118.9318,3/20/2020
Sherman Oaks,,6,34.1500,-118.4489,3/20/2020
South El Monte,,1,34.0493,-118.0469,3/20/2020
South Pasadena,,2,34.1165,-118.1468,3/20/2020
South Whittier,,1,33.9608,-118.0417,3/20/2020
Stevenson Ranch,,1,34.3873,-118.5802,3/20/2020
Studio City,,3,34.1413,-118.3878,3/20/2020
Sylmar,,1,34.3058,-118.4572,3/20/2020
Tarzana,,6,34.1509,-118.5517,3/20/2020
Torrance,,2,33.8408,-118.3454,3/20/2020
Tujunga,,1,34.2633,-118.3027,3/20/2020
University Park,,1,34.0315,-118.2797,3/20/2020
Valley Glen,,3,34.1838,-118.4172,3/20/2020
Van Nuys,,1,34.1899,-118.4514,3/20/2020
Venice,,4,33.9764,-118.4667,3/20/2020
Vermont Knolls,,1,33.9293,-118.2893,3/20/2020
Walnut,,2,34.0203,-117.8653,3/20/2020
West Adams,,1,34.0342,-118.3623,3/20/2020
West Hills,,3,34.1973,-118.6440,3/20/2020
West Hollywood,,15,34.0907,-118.3860,3/20/2020
West Los Angeles,,3,34.0399,-118.4422,3/20/2020
West Vernon,,1,34.0039,-118.2301,3/20/2020
Westchester,,3,33.9597,-118.4006,3/20/2020
Westwood,,5,34.0561,-118.4297,3/20/2020
Whittier,,2,33.9679,-118.0189,3/20/2020
Winnetka,,1,34.2059,-118.5754,3/20/2020
Woodland Hills,,4,34.1659,-118.6104,3/20/2020
Under Investigation,,39,#N/A,#N/A,3/20/2020
Long Beach,,12,33.7701,-118.1937,3/20/2020
Pasadena,,2,34.1561,-118.1319,3/20/2020
Alhambra,,3,34.0953,-118.1270,3/21/20
Altadena,,3,34.1902,-118.1313,3/21/20
Arcadia,,2,34.1397,-118.0353,3/21/20
Baldwin Hills,,2,34.0047,-118.3415,3/21/20
Beverly Hills,,7,34.0736,-118.4004,3/21/20
Beverlywood,,5,34.0409,-118.3919,3/21/20
Boyle Heights,,5,34.0339,-118.2054,3/21/20
Brentwood,,18,34.0519,-118.4731,3/21/20
Burbank,,1,34.1808,-118.3090,3/21/20
Calabasas,,1,34.1383,-118.6608,3/21/20
Carson,,3,33.8374,-118.2559,3/21/20
Castaic,,1,34.4889,-118.6229,3/21/20
Century City,,4,34.0556,-118.4179,3/21/20
Century Palms/Cove,,1,33.9461,-118.2732,3/21/20
Cerritos,,1,33.8584,-118.0648,3/21/20
Covina,,1,34.0900,-117.8903,3/21/20
Crestview,,4,34.0458,-118.3816,3/21/20
Culver City,,4,34.0211,-118.3965,3/21/20
Del Rey,,2,33.9878,-118.4229,3/21/20
Diamond Bar,,2,34.0286,-117.8103,3/21/20
Downtown,,1,34.0422,-118.2488,3/21/20
Eagle Rock,,1,34.1322,-118.2117,3/21/20
East Los Angeles,,1,34.0316,-118.1724,3/21/20
Echo Park,,1,34.0782,-118.2606,3/21/20
El Segundo,,2,33.9192,-118.4165,3/21/20
Encino,,10,34.1517,-118.5214,3/21/20
Gardena,,1,33.8938,-118.3080,3/21/20
Glendale,,5,34.1425,-118.2551,3/21/20
Granada Hills,,4,34.2794,-118.5022,3/21/20
Hancock Park,,4,34.0745,-118.3304,3/21/20
Hawthorne,,2,33.9194,-118.3540,3/21/20
Hollywood,,12,34.1016,-118.3337,3/21/20
Hollywood Hills,,2,34.1341,-118.3215,3/21/20
Inglewood,,2,33.9610,-118.3554,3/21/20
Koreatown,,1,34.0578,-118.3009,3/21/20
La Canada Flintridge,,1,34.2091,-118.2001,3/21/20
La Mirada,,3,33.9190,-118.0105,3/21/20
La Verne,,1,34.1202,-117.7704,3/21/20
Lake Balboa,,1,34.1839,-118.4954,3/21/20
Lakewood,,1,33.8536,-118.1340,3/21/20
Lancaster,,3,34.6868,-118.1542,3/21/20
Lawndale,,1,33.8881,-118.3535,3/21/20
Lomita,,7,33.7922,-118.3151,3/21/20
Lynwood,,1,33.9293,-118.2139,3/21/20
Manhattan Beach,,7,33.8812,-118.4072,3/21/20
Mar Vista,,4,34.0037,-118.4690,3/21/20
Melrose,,12,34.0837,-118.3366,3/21/20
Miracle Mile,,1,34.0597,-118.3500,3/21/20
Montebello,,1,34.0095,-118.1054,3/21/20
Monterey Park,,3,34.0625,-118.1228,3/21/20
North Hollywood,,5,34.1870,-118.3813,3/21/20
Northridge,,1,34.2379,-118.5302,3/21/20
Pacific Palisades,,7,34.0481,-118.5265,3/21/20
Palms,,1,34.0237,-118.4151,3/21/20
Park La Brea,,4,34.0702,-118.3497,3/21/20
Playa Vista,,2,33.9728,-118.4276,3/21/20
Redondo Beach,,2,33.8492,-118.3884,3/21/20
Reseda,,3,34.2011,-118.5360,3/21/20
San Dimas,,1,34.1067,-117.8067,3/21/20
San Fernando,,1,34.2819,-118.4390,3/21/20
San Pedro,,1,33.7361,-118.2922,3/21/20
Santa Clarita,,4,34.3917,-118.5426,3/21/20
Santa Monica,,5,34.0242,-118.4965,3/21/20
Santa Monica Mountains,,3,34.1203,-118.9318,3/21/20
Sherman Oaks,,7,34.1500,-118.4489,3/21/20
Silverlake,,3,34.0869,-118.2702,3/21/20
South El Monte,,1,34.0493,-118.0469,3/21/20
South Pasadena,,2,34.1165,-118.1468,3/21/20
South Whittier,,1,33.9608,-118.0417,3/21/20
Stevenson Ranch,,1,34.3873,-118.5802,3/21/20
Studio City,,4,34.1413,-118.3878,3/21/20
Sun Valley,,1,34.2274,-118.3811,3/21/20
Sunland,,1,34.2660,-118.3114,3/21/20
Sylmar,,1,34.3058,-118.4572,3/21/20
Tarzana,,7,34.1509,-118.5517,3/21/20
Torrance,,2,33.8408,-118.3454,3/21/20
Tujunga,,1,34.2633,-118.3027,3/21/20
University Park,,1,34.0315,-118.2797,3/21/20
Valley Glen,,6,34.1838,-118.4172,3/21/20
Van Nuys,,2,34.1899,-118.4514,3/21/20
Venice,,6,33.9764,-118.4667,3/21/20
Vermont Knolls,,1,33.9293,-118.2893,3/21/20
Vermont Vista,,1,33.9465,-118.2826,3/21/20
Vernon Central,,1,34.0043,-118.2570,3/21/20
Walnut,,1,34.0203,-117.8653,3/21/20
West Adams,,2,34.0342,-118.3623,3/21/20
West Covina,,1,34.0686,-117.9390,3/21/20
West Hills,,4,34.1973,-118.6440,3/21/20
West Hollywood,,18,34.0907,-118.3860,3/21/20
West Los Angeles,,3,34.0399,-118.4422,3/21/20
West Vernon,,2,34.0039,-118.2301,3/21/20
Westchester,,3,33.9597,-118.4006,3/21/20
Westlake,,1,34.1458,-118.8056,3/21/20
Westwood,,5,34.0561,-118.4297,3/21/20
Whittier,,2,33.9679,-118.0189,3/21/20
Winnetka,,1,34.2059,-118.5754,3/21/20
Woodland Hills,,5,34.1659,-118.6104,3/21/20
-Under Investigation,,31,#N/A,#N/A,3/21/20
Pasadena,,3,34.1561,-118.1319,3/21/20
Long Beach,,13,33.7701,-118.1937,3/21/20
Alhambra,,3,34.0953,-118.1270,3/22/20
Altadena,,3,34.1902,-118.1313,3/22/20
Arcadia,,2,34.1397,-118.0353,3/22/20
Athens,,1,33.9200,-118.2812,3/22/20
Baldwin Hills,,3,34.0047,-118.3415,3/22/20
Bellflower,,1,33.8822,-118.1180,3/22/20
Beverly Hills,,8,34.0736,-118.4004,3/22/20
Beverlywood,,6,34.0409,-118.3919,3/22/20
Boyle Heights,,5,34.0339,-118.2054,3/22/20
Brentwood,,23,34.0519,-118.4731,3/22/20
Burbank,,2,34.1808,-118.3090,3/22/20
Calabasas,,2,34.1383,-118.6608,3/22/20
Canoga Park,,1,34.2011,-118.5981,3/22/20
Carson,,4,33.8374,-118.2559,3/22/20
Castaic,,1,34.4889,-118.6229,3/22/20
Century City,,4,34.0556,-118.4179,3/22/20
Century Palms/Cove,,1,33.9461,-118.2732,3/22/20
Cerritos,,2,33.8584,-118.0648,3/22/20
Covina,,1,34.0900,-117.8903,3/22/20
Crestview,,5,34.0458,-118.3816,3/22/20
Culver City,,4,34.0211,-118.3965,3/22/20
Del Rey,,2,33.9878,-118.4229,3/22/20
Diamond Bar,,2,34.0286,-117.8103,3/22/20
Downtown,,1,34.0422,-118.2488,3/22/20
Eagle Rock,,1,34.1322,-118.2117,3/22/20
East Hollywood,,1,34.0948,-118.2910,3/22/20
East Los Angeles,,2,34.0316,-118.1724,3/22/20
Echo Park,,1,34.0782,-118.2606,3/22/20
El Segundo,,1,33.9192,-118.4165,3/22/20
Encino,,10,34.1517,-118.5214,3/22/20
Gardena,,1,33.8938,-118.3080,3/22/20
Glendale,,6,34.1425,-118.2551,3/22/20
Glendora,,1,34.1361,-117.8653,3/22/20
Granada Hills,,4,34.2794,-118.5022,3/22/20
Hancock Park,,5,34.0745,-118.3304,3/22/20
Hawthorne,,2,33.9194,-118.3540,3/22/20
Hollywood,,12,34.1016,-118.3337,3/22/20
Hollywood Hills,,5,34.1341,-118.3215,3/22/20
Inglewood,,3,33.9610,-118.3554,3/22/20
Koreatown,,2,34.0578,-118.3009,3/22/20
La Canada Flintridge,,1,34.2091,-118.2001,3/22/20
La Mirada,,3,33.9190,-118.0105,3/22/20
La Verne,,2,34.1202,-117.7704,3/22/20
Lake Balboa,,1,34.1839,-118.4954,3/22/20
Lakewood,,1,33.8536,-118.1340,3/22/20
Lancaster,,4,34.6868,-118.1542,3/22/20
Lawndale,,1,33.8881,-118.3535,3/22/20
Lomita,,8,33.7922,-118.3151,3/22/20
Los Feliz,,1,34.1124,-118.2851,3/22/20
Lynwood,,2,33.9293,-118.2139,3/22/20
Manhattan Beach,,7,33.8812,-118.4072,3/22/20
Mar Vista,,5,34.0037,-118.4690,3/22/20
Melrose,,17,34.0837,-118.3366,3/22/20
Miracle Mile,,4,34.0597,-118.3500,3/22/20
Monterey Park,,3,34.0625,-118.1228,3/22/20
North Hollywood,,5,34.1870,-118.3813,3/22/20
Northridge,,1,34.2379,-118.5302,3/22/20
Pacific Palisades,,7,34.0481,-118.5265,3/22/20
Palms,,1,34.0237,-118.4151,3/22/20
Paramount,,1,33.8895,-118.1598,3/22/20
Park La Brea,,4,34.0702,-118.3497,3/22/20
Playa Vista,,2,33.9728,-118.4276,3/22/20
Rancho Palos Verdes,,1,33.7445,-118.3870,3/22/20
Redondo Beach,,4,33.8492,-118.3884,3/22/20
Reseda,,2,34.2011,-118.5360,3/22/20
San Dimas,,1,34.1067,-117.8067,3/22/20
San Fernando,,1,34.2819,-118.4390,3/22/20
San Pedro,,1,33.7361,-118.2922,3/22/20
Santa Clarita,,4,34.3917,-118.5426,3/22/20
Santa Monica,,7,34.0242,-118.4965,3/22/20
Santa Monica Mountains,,2,34.1203,-118.9318,3/22/20
Sherman Oaks,,7,34.1500,-118.4489,3/22/20
Silverlake,,3,34.0869,-118.2702,3/22/20
South El Monte,,1,34.0493,-118.0469,3/22/20
South Gate,,1,33.9560,-118.2113,3/22/20
South Pasadena,,3,34.1165,-118.1468,3/22/20
South Whittier,,1,33.9608,-118.0417,3/22/20
Stevenson Ranch,,1,34.3873,-118.5802,3/22/20
Studio City,,4,34.1413,-118.3878,3/22/20
Sun Valley,,1,34.2274,-118.3811,3/22/20
Sunland,,1,34.2660,-118.3114,3/22/20
Sylmar,,1,34.3058,-118.4572,3/22/20
Tarzana,,8,34.1509,-118.5517,3/22/20
Temple,,1,34.1023,-118.0603,3/22/20
Torrance,,3,33.8408,-118.3454,3/22/20
Tujunga,,1,34.2633,-118.3027,3/22/20
University Park,,1,34.0315,-118.2797,3/22/20
Valley Glen,,6,34.1838,-118.4172,3/22/20
Van Nuys,,2,34.1899,-118.4514,3/22/20
Venice,,7,33.9764,-118.4667,3/22/20
Vermont Knolls,,1,33.9293,-118.2893,3/22/20
Vermont Vista,,1,33.9465,-118.2826,3/22/20
Vernon Central,,1,34.0043,-118.2570,3/22/20
Walnut,,1,34.0203,-117.8653,3/22/20
West Adams,,1,34.0342,-118.3623,3/22/20
West Covina,,1,34.0686,-117.9390,3/22/20
West Hills,,4,34.1973,-118.6440,3/22/20
West Hollywood,,19,34.0907,-118.3860,3/22/20
West Los Angeles,,3,34.0399,-118.4422,3/22/20
West Vernon,,2,34.0039,-118.2301,3/22/20
Westchester,,3,33.9597,-118.4006,3/22/20
Westlake,,1,34.1458,-118.8056,3/22/20
Westwood,,5,34.0561,-118.4297,3/22/20
Whittier,,2,33.9679,-118.0189,3/22/20
Wilmington,,1,33.7800,-118.2617,3/22/20
Winnetka,,1,34.2059,-118.5754,3/22/20
Woodland Hills,,5,34.1659,-118.6104,3/22/20
- Under Investigation,,38,#N/A,#N/A,3/22/20
Pasadena,,3,34.1561,-118.1319,3/22/20
Long Beach,,15,33.7701,-118.1937,3/22/20
Agoura Hills,,1,34.1364,-118.7745,3/23/20
Alhambra,,4,34.0953,-118.1270,3/23/20
Altadena,,5,34.1902,-118.1313,3/23/20
Arcadia,,3,34.1397,-118.0353,3/23/20
Athens,,1,33.9200,-118.2812,3/23/20
Baldwin Hills,,3,34.0047,-118.3415,3/23/20
Bellflower,,3,33.8822,-118.1180,3/23/20
Beverly Hills,,12,34.0736,-118.4004,3/23/20
Beverlywood,,7,34.0409,-118.3919,3/23/20
Boyle Heights,,5,34.0339,-118.2054,3/23/20
Brentwood,,27,34.0519,-118.4731,3/23/20
Burbank,,2,34.1808,-118.3090,3/23/20
Calabasas,,3,34.1383,-118.6608,3/23/20
Canoga Park,,2,34.2011,-118.5981,3/23/20
Carson,,6,33.8374,-118.2559,3/23/20
Castaic,,1,34.4889,-118.6229,3/23/20
Century City,,4,34.0556,-118.4179,3/23/20
Century Palms/Cove,,1,33.9461,-118.2732,3/23/20
Cerritos,,2,33.8584,-118.0648,3/23/20
Cloverdale/Cochran,,1,34.0626,-118.3465,3/23/20
Compton,,1,33.8958,-118.2201,3/23/20
Covina,,1,34.0900,-117.8903,3/23/20
Crestview,,6,34.0458,-118.3816,3/23/20
Culver City,,5,34.0211,-118.3965,3/23/20
Del Rey,,2,33.9878,-118.4229,3/23/20
Diamond Bar,,2,34.0286,-117.8103,3/23/20
Downtown,,2,34.0422,-118.2488,3/23/20
Duarte,,1,34.1607,-117.9504,3/23/20
Eagle Rock,,2,34.1322,-118.2117,3/23/20
East Hollywood,,1,34.0948,-118.2910,3/23/20
East Los Angeles,,2,34.0316,-118.1724,3/23/20
Echo Park,,2,34.0782,-118.2606,3/23/20
El Segundo,,1,33.9192,-118.4165,3/23/20
Encino,,10,34.1517,-118.5214,3/23/20
Exposition Park,,1,34.0147,-118.2872,3/23/20
Florence,,1,33.9745,-118.2481,3/23/20
Gardena,,1,33.8938,-118.3080,3/23/20
Glendale,,9,34.1425,-118.2551,3/23/20
Glendora,,1,34.1361,-117.8653,3/23/20
Granada Hills,,5,34.2794,-118.5022,3/23/20
Hancock Park,,6,34.0745,-118.3304,3/23/20
Hawthorne,,3,33.9194,-118.3540,3/23/20
Hollywood,,14,34.1016,-118.3337,3/23/20
Hollywood Hills,,7,34.1341,-118.3215,3/23/20
Hyde Park,,1,33.9819,-118.3309,3/23/20
Inglewood,,3,33.9610,-118.3554,3/23/20
Koreatown,,3,34.0578,-118.3009,3/23/20
La Canada Flintridge,,2,34.2091,-118.2001,3/23/20
La Mirada,,3,33.9190,-118.0105,3/23/20
La Verne,,2,34.1202,-117.7704,3/23/20
Lake Balboa,,2,34.1839,-118.4954,3/23/20
Lakewood,,1,33.8536,-118.1340,3/23/20
Lancaster,,7,34.6868,-118.1542,3/23/20
Lawndale,,2,33.8881,-118.3535,3/23/20
Lincoln Heights,,1,34.0706,-118.2051,3/23/20
Lomita,,8,33.7922,-118.3151,3/23/20
Los Feliz,,2,34.1124,-118.2851,3/23/20
Lynwood,,2,33.9293,-118.2139,3/23/20
Manhattan Beach,,9,33.8812,-118.4072,3/23/20
Mar Vista,,6,34.0037,-118.4690,3/23/20
Melrose,,19,34.0837,-118.3366,3/23/20
Miracle Mile,,5,34.0597,-118.3500,3/23/20
Monterey Park,,3,34.0625,-118.1228,3/23/20
North Hollywood,,9,34.1870,-118.3813,3/23/20
Northridge,,1,34.2379,-118.5302,3/23/20
Pacific Palisades,,8,34.0481,-118.5265,3/23/20
Palmdale,,1,34.5794,-118.1093,3/23/20
Palms,,2,34.0237,-118.4151,3/23/20
Paramount,,2,33.8895,-118.1598,3/23/20
Park La Brea,,6,34.0702,-118.3497,3/23/20
Playa Vista,,3,33.9728,-118.4276,3/23/20
Rancho Palos Verdes,,1,33.7445,-118.3870,3/23/20
Redondo Beach,,5,33.8492,-118.3884,3/23/20
Reseda,,3,34.2011,-118.5360,3/23/20
San Dimas,,1,34.1067,-117.8067,3/23/20
San Fernando,,1,34.2819,-118.4390,3/23/20
San Pedro,,2,33.7361,-118.2922,3/23/20
Santa Clarita,,7,34.3917,-118.5426,3/23/20
Santa Monica,,12,34.0242,-118.4965,3/23/20
Santa Monica Mountains,,2,34.1203,-118.9318,3/23/20
Sherman Oaks,,8,34.1500,-118.4489,3/23/20
Silverlake,,4,34.0869,-118.2702,3/23/20
South El Monte,,1,34.0493,-118.0469,3/23/20
South Gate,,1,33.9560,-118.2113,3/23/20
South Park,,1,34.0418,-118.2639,3/23/20
South Pasadena,,3,34.1165,-118.1468,3/23/20
South Whittier,,2,33.9608,-118.0417,3/23/20
Stevenson Ranch,,2,34.3873,-118.5802,3/23/20
Studio City,,7,34.1413,-118.3878,3/23/20
Sun Valley,,2,34.2274,-118.3811,3/23/20
Sunland,,1,34.2660,-118.3114,3/23/20
Sylmar,,1,34.3058,-118.4572,3/23/20
Tarzana,,8,34.1509,-118.5517,3/23/20
Temple,,1,34.1023,-118.0603,3/23/20
Torrance,,4,33.8408,-118.3454,3/23/20
Tujunga,,1,34.2633,-118.3027,3/23/20
University Park,,1,34.0315,-118.2797,3/23/20
Valley Glen,,7,34.1838,-118.4172,3/23/20
Van Nuys,,4,34.1899,-118.4514,3/23/20
Venice,,7,33.9764,-118.4667,3/23/20
Vermont Knolls,,1,33.9293,-118.2893,3/23/20
Vermont Vista,,1,33.9465,-118.2826,3/23/20
Vernon Central,,1,34.0043,-118.2570,3/23/20
Walnut,,1,34.0203,-117.8653,3/23/20
West Adams,,1,34.0342,-118.3623,3/23/20
West Covina,,1,34.0686,-117.9390,3/23/20
West Hills,,4,34.1973,-118.6440,3/23/20
West Hollywood,,23,34.0907,-118.3860,3/23/20
West Los Angeles,,4,34.0399,-118.4422,3/23/20
West Vernon,,2,34.0039,-118.2301,3/23/20
Westchester,,3,33.9597,-118.4006,3/23/20
Westlake,,1,34.1458,-118.8056,3/23/20
Westwood,,6,34.0561,-118.4297,3/23/20
Whittier,,2,33.9679,-118.0189,3/23/20
Wilmington,,3,33.7800,-118.2617,3/23/20
Wilshire Center,,1,34.0642,-118.2984,3/23/20
Winnetka,,1,34.2059,-118.5754,3/23/20
Woodland Hills,,7,34.1659,-118.6104,3/23/20
Pasadena,,3,34.1561,-118.1319,3/23/20
Long Beach,,17,33.7701,-118.1937,3/23/20
Agoura Hills,,3,34.1364,-118.7745,3/24/20
Alhambra,,5,34.0953,-118.1270,3/24/20
Altadena,,5,34.1902,-118.1313,3/24/20
Arcadia,,4,34.1397,-118.0353,3/24/20
Athens,,1,33.9200,-118.2812,3/24/20
Baldwin Hills,,3,34.0047,-118.3415,3/24/20
Bellflower,,3,33.8822,-118.1180,3/24/20
Beverly Hills,,12,34.0736,-118.4004,3/24/20
Beverlywood,,7,34.0409,-118.3919,3/24/20
Boyle Heights,,5,34.0339,-118.2054,3/24/20
Brentwood,,31,34.0519,-118.4731,3/24/20
Burbank,,2,34.1808,-118.3090,3/24/20
Calabasas,,4,34.1383,-118.6608,3/24/20
Canoga Park,,2,34.2011,-118.5981,3/24/20
Canyon Country,,1,34.4245,-118.4711,3/24/20
Carson,,8,33.8374,-118.2559,3/24/20
Castaic,,2,34.4889,-118.6229,3/24/20
Century City,,6,34.0556,-118.4179,3/24/20
Century Palms/Cove,,1,33.9461,-118.2732,3/24/20
Cerritos,,2,33.8584,-118.0648,3/24/20
Claremont,,1,34.1261,-117.7158,3/24/20
Cloverdale/Cochran,,2,34.0626,-118.3465,3/24/20
Compton,,1,33.8958,-118.2201,3/24/20
Covina,,3,34.0900,-117.8903,3/24/20
Crestview,,7,34.0458,-118.3816,3/24/20
Culver City,,7,34.0211,-118.3965,3/24/20
Del Rey,,3,33.9878,-118.4229,3/24/20
Diamond Bar,,2,34.0286,-117.8103,3/24/20
Downey,,1,33.9451,-118.1281,3/24/20
Downtown,,3,34.0422,-118.2488,3/24/20
Duarte,,1,34.1607,-117.9504,3/24/20
Eagle Rock,,2,34.1322,-118.2117,3/24/20
East Hollywood,,1,34.0948,-118.2910,3/24/20
East Los Angeles,,3,34.0316,-118.1724,3/24/20
Echo Park,,2,34.0782,-118.2606,3/24/20
El Segundo,,2,33.9192,-118.4165,3/24/20
Encino,,12,34.1517,-118.5214,3/24/20
Exposition Park,,1,34.0147,-118.2872,3/24/20
Florence,,1,33.9745,-118.2481,3/24/20
Gardena,,1,33.8938,-118.3080,3/24/20
Glendale,,10,34.1425,-118.2551,3/24/20
Glendora,,1,34.1361,-117.8653,3/24/20
Granada Hills,,5,34.2794,-118.5022,3/24/20
Hancock Park,,7,34.0745,-118.3304,3/24/20
Harbor Gateway,,1,33.8501,-118.2991,3/24/20
Harvard Heights,,1,34.0440,-118.3042,3/24/20
Hawthorne,,6,33.9194,-118.3540,3/24/20
Highland Park,,1,34.1145,-118.1842,3/24/20
Hollywood,,19,34.1016,-118.3337,3/24/20
Hollywood Hills,,8,34.1341,-118.3215,3/24/20
Hyde Park,,1,33.9819,-118.3309,3/24/20
Inglewood,,5,33.9610,-118.3554,3/24/20
Koreatown,,5,34.0578,-118.3009,3/24/20
La Canada Flintridge,,2,34.2091,-118.2001,3/24/20
La Mirada,,3,33.9190,-118.0105,3/24/20
La Puente,,1,34.0200,-117.9495,3/24/20
La Verne,,2,34.1202,-117.7704,3/24/20
Lake Balboa,,2,34.1839,-118.4954,3/24/20
Lakewood,,3,33.8536,-118.1340,3/24/20
Lancaster,,8,34.6868,-118.1542,3/24/20
Lawndale,,2,33.8881,-118.3535,3/24/20
Lincoln Heights,,1,34.0706,-118.2051,3/24/20
Lomita,,9,33.7922,-118.3151,3/24/20
Los Feliz,,2,34.1124,-118.2851,3/24/20
Lynwood,,2,33.9293,-118.2139,3/24/20
Manhattan Beach,,11,33.8812,-118.4072,3/24/20
Mar Vista,,6,34.0037,-118.4690,3/24/20
Melrose,,26,34.0837,-118.3366,3/24/20
Miracle Mile,,7,34.0597,-118.3500,3/24/20
Monterey Park,,3,34.0625,-118.1228,3/24/20
Mt. Washington,,1,34.1003,-118.2097,3/24/20
North Hollywood,,10,34.1870,-118.3813,3/24/20
Northridge,,2,34.2379,-118.5302,3/24/20
Norwalk,,1,33.9022,-118.0817,3/24/20
Pacific Palisades,,9,34.0481,-118.5265,3/24/20
Palmdale,,2,34.5794,-118.1093,3/24/20
Palms,,6,34.0237,-118.4151,3/24/20
Paramount,,2,33.8895,-118.1598,3/24/20
Park La Brea,,8,34.0702,-118.3497,3/24/20
Pico,,1,34.0544,-118.3858,3/24/20
Pico Rivera,,1,33.9831,-118.0967,3/24/20
Playa Vista,,4,33.9728,-118.4276,3/24/20
Porter Ranch,,1,39.4346,-121.0205,3/24/20
Rancho Palos Verdes,,3,33.7445,-118.3870,3/24/20
Redondo Beach,,7,33.8492,-118.3884,3/24/20
Reseda,,4,34.2011,-118.5360,3/24/20
San Dimas,,1,34.1067,-117.8067,3/24/20
San Fernando,,2,34.2819,-118.4390,3/24/20
San Gabriel,,1,34.0968,-118.1057,3/24/20
San Pedro,,2,33.7361,-118.2922,3/24/20
Santa Clarita,,7,34.3917,-118.5426,3/24/20
Santa Monica,,16,34.0242,-118.4965,3/24/20
Santa Monica Mountains,,2,34.1203,-118.9318,3/24/20
Sherman Oaks,,10,34.1500,-118.4489,3/24/20
Silverlake,,5,34.0869,-118.2702,3/24/20
South El Monte,,1,34.0493,-118.0469,3/24/20
South Gate,,1,33.9560,-118.2113,3/24/20
South Park,,1,34.0418,-118.2639,3/24/20
South Pasadena,,3,34.1165,-118.1468,3/24/20
South Whittier,,2,33.9608,-118.0417,3/24/20
Stevenson Ranch,,2,34.3873,-118.5802,3/24/20
Studio City,,7,34.1413,-118.3878,3/24/20
Sun Valley,,2,34.2274,-118.3811,3/24/20
Sunland,,1,34.2660,-118.3114,3/24/20
Sylmar,,1,34.3058,-118.4572,3/24/20
Tarzana,,9,34.1509,-118.5517,3/24/20
Temple,,1,34.1023,-118.0603,3/24/20
Torrance,,5,33.8408,-118.3454,3/24/20
Tujunga,,1,34.2633,-118.3027,3/24/20
University Park,,1,34.0315,-118.2797,3/24/20
Valley Glen,,9,34.1838,-118.4172,3/24/20
Van Nuys,,4,34.1899,-118.4514,3/24/20
Venice,,8,33.9764,-118.4667,3/24/20
Vermont Knolls,,1,33.9293,-118.2893,3/24/20
Vermont Vista,,3,33.9465,-118.2826,3/24/20
Vernon Central,,1,34.0043,-118.2570,3/24/20
Walnut,,1,34.0203,-117.8653,3/24/20
West Adams,,3,34.0342,-118.3623,3/24/20
West Covina,,1,34.0686,-117.9390,3/24/20
West Hills,,4,34.1973,-118.6440,3/24/20
West Hollywood,,31,34.0907,-118.3860,3/24/20
West Los Angeles,,4,34.0399,-118.4422,3/24/20
West Vernon,,4,34.0039,-118.2301,3/24/20
Westchester,,3,33.9597,-118.4006,3/24/20
Westlake,,1,34.1458,-118.8056,3/24/20
Westwood,,6,34.0561,-118.4297,3/24/20
Whittier,,3,33.9679,-118.0189,3/24/20
Wholesale District,,1,34.0300,-118.2452,3/24/20
Willowbrook,,1,33.9170,-118.2551,3/24/20
Wilmington,,4,33.7800,-118.2617,3/24/20
Wilshire Center,,1,34.0642,-118.2984,3/24/20
Winnetka,,2,34.2059,-118.5754,3/24/20
Woodland Hills,,8,34.1659,-118.6104,3/24/20
Agoura Hills,,3,34.1364,-118.7745,3/25/20
Alhambra,,6,34.0953,-118.1270,3/25/20
Altadena,,5,34.1902,-118.1313,3/25/20
Arcadia,,4,34.1397,-118.0353,3/25/20
Arleta,,1,34.2419,-118.4256,3/25/20
Athens,,1,33.9200,-118.2812,3/25/20
Baldwin Hills,,3,34.0047,-118.3415,3/25/20
Bell Gardens,,3,33.9653,-118.1515,3/25/20
Bellflower,,7,33.8822,-118.1180,3/25/20
Beverly Hills,,13,34.0736,-118.4004,3/25/20
Beverlywood,,8,34.0409,-118.3919,3/25/20
Boyle Heights,,5,34.0339,-118.2054,3/25/20
Brentwood,,34,34.0519,-118.4731,3/25/20
Burbank,,3,34.1808,-118.3090,3/25/20
Calabasas,,4,34.1383,-118.6608,3/25/20
Canoga Park,,2,34.2011,-118.5981,3/25/20
Canyon Country,,1,34.4245,-118.4711,3/25/20
Carson,,9,33.8374,-118.2559,3/25/20
Castaic,,2,34.4889,-118.6229,3/25/20
Century City,,7,34.0556,-118.4179,3/25/20
Century Palms/Cove,,3,33.9461,-118.2732,3/25/20
Cerritos,,2,33.8584,-118.0648,3/25/20
Claremont,,1,34.1261,-117.7158,3/25/20
Cloverdale/Cochran,,3,34.0626,-118.3465,3/25/20
Compton,,2,33.8958,-118.2201,3/25/20
Covina,,3,34.0900,-117.8903,3/25/20
Crenshaw District,,2,34.0158,-118.3453,3/25/20
Crestview,,7,34.0458,-118.3816,3/25/20
Culver City,,6,34.0211,-118.3965,3/25/20
Del Rey,,5,33.9878,-118.4229,3/25/20
Diamond Bar,,2,34.0286,-117.8103,3/25/20
Downey,,5,33.9451,-118.1281,3/25/20
Downtown,,6,34.0422,-118.2488,3/25/20
Duarte,,1,34.1607,-117.9504,3/25/20
Eagle Rock,,2,34.1322,-118.2117,3/25/20
East Hollywood,,1,34.0948,-118.2910,3/25/20
East Los Angeles,,3,34.0316,-118.1724,3/25/20
Echo Park,,4,34.0782,-118.2606,3/25/20
El Segundo,,2,33.9192,-118.4165,3/25/20
Encino,,13,34.1517,-118.5214,3/25/20
Exposition Park,,1,34.0147,-118.2872,3/25/20
Florence,,4,33.9745,-118.2481,3/25/20
Gardena,,1,33.8938,-118.3080,3/25/20
Glassell Park,,1,34.1161,-118.2290,3/25/20
Glendale,,12,34.1425,-118.2551,3/25/20
Glendora,,2,34.1361,-117.8653,3/25/20
Granada Hills,,7,34.2794,-118.5022,3/25/20
Hancock Park,,8,34.0745,-118.3304,3/25/20
Harbor Gateway,,2,33.8501,-118.2991,3/25/20
Harvard Heights,,1,34.0440,-118.3042,3/25/20
Hawthorne,,8,33.9194,-118.3540,3/25/20
Highland Park,,2,34.1145,-118.1842,3/25/20
Hollywood,,23,34.1016,-118.3337,3/25/20
Hollywood Hills,,8,34.1341,-118.3215,3/25/20
Hyde Park,,1,33.9819,-118.3309,3/25/20
Inglewood,,5,33.9610,-118.3554,3/25/20
Koreatown,,5,34.0578,-118.3009,3/25/20
La Canada Flintridge,,3,34.2091,-118.2001,3/25/20
La Mirada,,4,33.9190,-118.0105,3/25/20
La Verne,,2,34.1202,-117.7704,3/25/20
Lake Balboa,,2,34.1839,-118.4954,3/25/20
Lakewood,,4,33.8536,-118.1340,3/25/20
Lancaster,,13,34.6868,-118.1542,3/25/20
Lawndale,,1,33.8881,-118.3535,3/25/20
Lomita,,9,33.7922,-118.3151,3/25/20
Los Feliz,,3,34.1124,-118.2851,3/25/20
Lynwood,,3,33.9293,-118.2139,3/25/20
Manhattan Beach,,17,33.8812,-118.4072,3/25/20
Mar Vista,,6,34.0037,-118.4690,3/25/20
Melrose,,33,34.0837,-118.3366,3/25/20
Miracle Mile,,8,34.0597,-118.3500,3/25/20
Monterey Park,,4,34.0625,-118.1228,3/25/20
Mt. Washington,,2,34.1003,-118.2097,3/25/20
North Hollywood,,11,34.1870,-118.3813,3/25/20
Northridge,,2,34.2379,-118.5302,3/25/20
Norwalk,,2,33.9022,-118.0817,3/25/20
Pacific Palisades,,9,34.0481,-118.5265,3/25/20
Palmdale,,2,34.5794,-118.1093,3/25/20
Palms,,8,34.0237,-118.4151,3/25/20
Panorama City,,1,34.2247,-118.4498,3/25/20
Paramount,,3,33.8895,-118.1598,3/25/20
Park La Brea,,8,34.0702,-118.3497,3/25/20
Pico,,2,34.0544,-118.3858,3/25/20
Pico Rivera,,1,33.9831,-118.0967,3/25/20
Playa Vista,,5,33.9728,-118.4276,3/25/20
Pomona,,1,34.0551,-117.7500,3/25/20
Porter Ranch,,1,39.4346,-121.0205,3/25/20
Rancho Palos Verdes,,5,33.7445,-118.3870,3/25/20
Redondo Beach,,9,33.8492,-118.3884,3/25/20
Reseda,,5,34.2011,-118.5360,3/25/20
San Dimas,,1,34.1067,-117.8067,3/25/20
San Fernando,,3,34.2819,-118.4390,3/25/20
San Gabriel,,1,34.0968,-118.1057,3/25/20
San Pedro,,4,33.7361,-118.2922,3/25/20
Santa Clarita,,10,34.3917,-118.5426,3/25/20
Santa Monica,,18,34.0242,-118.4965,3/25/20
Santa Monica Mountains,,3,34.1203,-118.9318,3/25/20
Sherman Oaks,,12,34.1500,-118.4489,3/25/20
Silverlake,,6,34.0869,-118.2702,3/25/20
South El Monte,,3,34.0493,-118.0469,3/25/20
South Gate,,2,33.9560,-118.2113,3/25/20
South Park,,1,34.0418,-118.2639,3/25/20
South Pasadena,,3,34.1165,-118.1468,3/25/20
South Whittier,,3,33.9608,-118.0417,3/25/20
Stevenson Ranch,,2,34.3873,-118.5802,3/25/20
Studio City,,7,34.1413,-118.3878,3/25/20
Sun Valley,,2,34.2274,-118.3811,3/25/20
Sunland,,1,34.2660,-118.3114,3/25/20
Sylmar,,1,34.3058,-118.4572,3/25/20
Tarzana,,9,34.1509,-118.5517,3/25/20
Temple,,3,34.1023,-118.0603,3/25/20
Torrance,,9,33.8408,-118.3454,3/25/20
Tujunga,,1,34.2633,-118.3027,3/25/20
University Park,,4,34.0315,-118.2797,3/25/20
Valinda,,1,34.0433,-117.9331,3/25/20
Valley Glen,,11,34.1838,-118.4172,3/25/20
Van Nuys,,4,34.1899,-118.4514,3/25/20
Venice,,9,33.9764,-118.4667,3/25/20
Vermont Knolls,,1,33.9293,-118.2893,3/25/20
Vermont Vista,,3,33.9465,-118.2826,3/25/20
Vernon Central,,1,34.0043,-118.2570,3/25/20
Walnut,,1,34.0203,-117.8653,3/25/20
Watts,,1,33.9386,-118.2380,3/25/20
West Adams,,4,34.0342,-118.3623,3/25/20
West Covina,,2,34.0686,-117.9390,3/25/20
West Hills,,4,34.1973,-118.6440,3/25/20
West Hollywood,,31,34.0907,-118.3860,3/25/20
West Los Angeles,,4,34.0399,-118.4422,3/25/20
West Vernon,,5,34.0039,-118.2301,3/25/20
Westchester,,5,33.9597,-118.4006,3/25/20
Westlake,,1,34.1458,-118.8056,3/25/20
Westwood,,9,34.0561,-118.4297,3/25/20
Whittier,,3,33.9679,-118.0189,3/25/20
Wholesale District,,4,34.0300,-118.2452,3/25/20
Willowbrook,,1,33.9170,-118.2551,3/25/20
Wilmington,,4,33.7800,-118.2617,3/25/20
Wilshire Center,,2,34.0642,-118.2984,3/25/20
Winnetka,,3,34.2059,-118.5754,3/25/20
Woodland Hills,,11,34.1659,-118.6104,3/25/20
- Under Investigation,,56,#N/A,#N/A,3/25/20
Pasadena,,7,34.1561,-118.1319,3/25/20
Long Beach,,28,33.7701,-118.1937,3/25/20
Agoura Hills,,5,34.1364,-118.7745,3/26/20
Alhambra,,8,34.0953,-118.1270,3/26/20
Altadena,,6,34.1902,-118.1313,3/26/20
Arcadia,,6,34.1397,-118.0353,3/26/20
Arleta,,2,34.2419,-118.4256,3/26/20
Athens,,3,33.9200,-118.2812,3/26/20
Azusa,,1,34.1336,-117.9076,3/26/20
Baldwin Hills,,4,34.0047,-118.3415,3/26/20
Bell,,2,33.9761,-118.1851,3/26/20
Bell Gardens,,3,33.9653,-118.1515,3/26/20
Bellflower,,8,33.8822,-118.1180,3/26/20
Beverly Hills,,15,34.0736,-118.4004,3/26/20
Beverlywood,,10,34.0409,-118.3919,3/26/20
Boyle Heights,,7,34.0339,-118.2054,3/26/20
Brentwood,,42,34.0519,-118.4731,3/26/20
Burbank,,6,34.1808,-118.3090,3/26/20
Calabasas,,5,34.1383,-118.6608,3/26/20
Canoga Park,,3,34.2011,-118.5981,3/26/20
Canyon Country,,1,34.4245,-118.4711,3/26/20
Carson,,21,33.8374,-118.2559,3/26/20
Castaic,,2,34.4889,-118.6229,3/26/20
Century City,,9,34.0556,-118.4179,3/26/20
Century Palms/Cove,,3,33.9461,-118.2732,3/26/20
Cerritos,,2,33.8584,-118.0648,3/26/20
Chatsworth,,1,34.2506,-118.6148,3/26/20
Claremont,,1,34.1261,-117.7158,3/26/20
Cloverdale/Cochran,,3,34.0626,-118.3465,3/26/20
Compton,,5,33.8958,-118.2201,3/26/20
Covina,,4,34.0900,-117.8903,3/26/20
Crenshaw District,,2,34.0158,-118.3453,3/26/20
Crestview,,9,34.0458,-118.3816,3/26/20
Culver City,,8,34.0211,-118.3965,3/26/20
Del Rey,,9,33.9878,-118.4229,3/26/20
Diamond Bar,,2,34.0286,-117.8103,3/26/20
Downey,,10,33.9451,-118.1281,3/26/20
Downtown,,7,34.0422,-118.2488,3/26/20
Duarte,,2,34.1607,-117.9504,3/26/20
Eagle Rock,,3,34.1322,-118.2117,3/26/20
East Hollywood,,2,34.0948,-118.2910,3/26/20
East Los Angeles,,4,34.0316,-118.1724,3/26/20
Echo Park,,7,34.0782,-118.2606,3/26/20
El Segundo,,2,33.9192,-118.4165,3/26/20
Encino,,21,34.1517,-118.5214,3/26/20
Exposition Park,,2,34.0147,-118.2872,3/26/20
Florence,,7,33.9745,-118.2481,3/26/20
Gardena,,4,33.8938,-118.3080,3/26/20
Glassell Park,,2,34.1161,-118.2290,3/26/20
Glendale,,23,34.1425,-118.2551,3/26/20
Glendora,,2,34.1361,-117.8653,3/26/20
Granada Hills,,8,34.2794,-118.5022,3/26/20
Hacienda Heights,,2,33.9931,-117.9687,3/26/20
Hancock Park,,10,34.0745,-118.3304,3/26/20
Harbor City,,1,33.7900,-118.2978,3/26/20
Harbor Gateway,,3,33.8501,-118.2991,3/26/20
Harvard Heights,,2,34.0440,-118.3042,3/26/20
Hawthorne,,9,33.9194,-118.3540,3/26/20
Highland Park,,3,34.1145,-118.1842,3/26/20
Hollywood,,27,34.1016,-118.3337,3/26/20
Hollywood Hills,,17,34.1341,-118.3215,3/26/20
Hyde Park,,1,33.9819,-118.3309,3/26/20
Inglewood,,12,33.9610,-118.3554,3/26/20
Koreatown,,7,34.0578,-118.3009,3/26/20
La Canada Flintridge,,6,34.2091,-118.2001,3/26/20
La Mirada,,5,33.9190,-118.0105,3/26/20
La Puente,,1,34.0200,-117.9495,3/26/20
La Verne,,2,34.1202,-117.7704,3/26/20
Lake Balboa,,3,34.1839,-118.4954,3/26/20
Lakewood,,7,33.8536,-118.1340,3/26/20
Lancaster,,16,34.6868,-118.1542,3/26/20
Lawndale,,2,33.8881,-118.3535,3/26/20
Leimert Park,,2,34.0118,-118.3234,3/26/20
Lincoln Heights,,1,34.0706,-118.2051,3/26/20
Little Bangladesh,,1,34.0691,-118.2956,3/26/20
Lomita,,12,33.7922,-118.3151,3/26/20
Los Feliz,,5,34.1124,-118.2851,3/26/20
Lynwood,,6,33.9293,-118.2139,3/26/20
Manhattan Beach,,21,33.8812,-118.4072,3/26/20
Mar Vista,,8,34.0037,-118.4690,3/26/20
Maywood,,1,33.9885,-118.1874,3/26/20
Melrose,,47,34.0837,-118.3366,3/26/20
Miracle Mile,,13,34.0597,-118.3500,3/26/20
Monrovia,,2,34.1481,-117.9990,3/26/20
Montebello,,1,34.0095,-118.1054,3/26/20
Monterey Park,,4,34.0625,-118.1228,3/26/20
Mt. Washington,,3,34.1003,-118.2097,3/26/20
North Hills,,1,34.2362,-118.4851,3/26/20
North Hollywood,,15,34.1870,-118.3813,3/26/20
Northridge,,4,34.2379,-118.5302,3/26/20
Norwalk,,9,33.9022,-118.0817,3/26/20
Pacific Palisades,,12,34.0481,-118.5265,3/26/20
Pacoima,,1,34.2625,-118.4270,3/26/20
Palmdale,,2,34.5794,-118.1093,3/26/20
Palms,,10,34.0237,-118.4151,3/26/20
Panorama City,,4,34.2247,-118.4498,3/26/20
Paramount,,4,33.8895,-118.1598,3/26/20
Park La Brea,,8,34.0702,-118.3497,3/26/20
Pico,,5,34.0544,-118.3858,3/26/20
Pico Rivera,,2,33.9831,-118.0967,3/26/20
Playa Vista,,8,33.9728,-118.4276,3/26/20
Pomona,,3,34.0551,-117.7500,3/26/20
Porter Ranch,,2,39.4346,-121.0205,3/26/20
Rancho Palos Verdes,,6,33.7445,-118.3870,3/26/20
Redondo Beach,,20,33.8492,-118.3884,3/26/20
Reseda,,8,34.2011,-118.5360,3/26/20
San Dimas,,1,34.1067,-117.8067,3/26/20
San Fernando,,3,34.2819,-118.4390,3/26/20
San Gabriel,,3,34.0968,-118.1057,3/26/20
San Pedro,,5,33.7361,-118.2922,3/26/20
Santa Clarita,,16,34.3917,-118.5426,3/26/20
Santa Monica,,21,34.0242,-118.4965,3/26/20
Santa Monica Mountains,,4,34.1203,-118.9318,3/26/20
Sherman Oaks,,17,34.1500,-118.4489,3/26/20
Silverlake,,11,34.0869,-118.2702,3/26/20
South El Monte,,4,34.0493,-118.0469,3/26/20
South Gate,,4,33.9560,-118.2113,3/26/20
South Park,,2,34.0418,-118.2639,3/26/20
South Pasadena,,4,34.1165,-118.1468,3/26/20
South Whittier,,4,33.9608,-118.0417,3/26/20
Stevenson Ranch,,3,34.3873,-118.5802,3/26/20
Studio City,,11,34.1413,-118.3878,3/26/20
Sun Valley,,2,34.2274,-118.3811,3/26/20
Sunland,,1,34.2660,-118.3114,3/26/20
Sylmar,,2,34.3058,-118.4572,3/26/20
Tarzana,,14,34.1509,-118.5517,3/26/20
Temple,,6,34.1023,-118.0603,3/26/20
Torrance,,14,33.8408,-118.3454,3/26/20
Tujunga,,2,34.2633,-118.3027,3/26/20
University Park,,6,34.0315,-118.2797,3/26/20
Valinda,,1,34.0433,-117.9331,3/26/20
Valley Glen,,12,34.1838,-118.4172,3/26/20
Van Nuys,,4,34.1899,-118.4514,3/26/20
Venice,,11,33.9764,-118.4667,3/26/20
Vermont Knolls,,3,33.9293,-118.2893,3/26/20
Vermont Vista,,5,33.9465,-118.2826,3/26/20
Vernon Central,,1,34.0043,-118.2570,3/26/20
Walnut,,1,34.0203,-117.8653,3/26/20
Watts,,1,33.9386,-118.2380,3/26/20
West Adams,,6,34.0342,-118.3623,3/26/20
West Covina,,4,34.0686,-117.9390,3/26/20
West Hills,,4,34.1973,-118.6440,3/26/20
West Hollywood,,35,34.0907,-118.3860,3/26/20
West Los Angeles,,5,34.0399,-118.4422,3/26/20
West Vernon,,6,34.0039,-118.2301,3/26/20
West Whittier/Los Nietos,,1,33.9760,-118.0691,3/26/20
Westchester,,7,33.9597,-118.4006,3/26/20
Westlake,,1,34.1458,-118.8056,3/26/20
Westwood,,11,34.0561,-118.4297,3/26/20
Whittier,,3,33.9679,-118.0189,3/26/20
Wholesale District,,6,34.0300,-118.2452,3/26/20
Willowbrook,,1,33.9170,-118.2551,3/26/20
Wilmington,,5,33.7800,-118.2617,3/26/20
Wilshire Center,,2,34.0642,-118.2984,3/26/20
Winnetka,,5,34.2059,-118.5754,3/26/20
Woodland Hills,,13,34.1659,-118.6104,3/26/20
Long Beach,,41,33.7701,-118.1937,3/26/20
Pasadena,,9,34.1561,-118.1319,3/26/20
Long Beach,,21,33.7701,-118.1937,3/24/20
Agoura Hills,,6,34.1364,-118.7745,3/27/20
Alhambra,,8,34.0953,-118.1270,3/27/20
Arcadia,,6,34.1397,-118.0353,3/27/20
Azusa,,1,34.1336,-117.9076,3/27/20
Bell,,4,33.9761,-118.1851,3/27/20
Bell Gardens,,1,33.9653,-118.1515,3/27/20
Bellflower,,10,33.8822,-118.1180,3/27/20
Beverly Hills,,21,34.0736,-118.4004,3/27/20
Burbank,,7,34.1808,-118.3090,3/27/20
Calabasas,,7,34.1383,-118.6608,3/27/20
Carson,,21,33.8374,-118.2559,3/27/20
Cerritos,,1,33.8584,-118.0648,3/27/20
Claremont,,1,34.1261,-117.7158,3/27/20
Compton,,7,33.8958,-118.2201,3/27/20
Covina,,3,34.0900,-117.8903,3/27/20
Culver City,,6,34.0211,-118.3965,3/27/20
Diamond Bar,,2,34.0286,-117.8103,3/27/20
Downey,,12,33.9451,-118.1281,3/27/20
Gardena,,5,33.8938,-118.3080,3/27/20
Glendale,,29,34.1425,-118.2551,3/27/20
Glendora,,4,34.1361,-117.8653,3/27/20
Hawthorne,,7,33.9194,-118.3540,3/27/20
Inglewood,,12,33.9610,-118.3554,3/27/20
La Canada Flintridge,,5,34.2091,-118.2001,3/27/20
La Mirada,,5,33.9190,-118.0105,3/27/20
La Puente,,1,34.0200,-117.9495,3/27/20
La Verne,,1,34.1202,-117.7704,3/27/20
Lakewood,,8,33.8536,-118.1340,3/27/20
Lancaster,,18,34.6868,-118.1542,3/27/20
Lawndale,,2,33.8881,-118.3535,3/27/20
Lynwood,,8,33.9293,-118.2139,3/27/20
Manhattan Beach,,22,33.8812,-118.4072,3/27/20
Maywood,,1,33.9885,-118.1874,3/27/20
Monrovia,,4,34.1481,-117.9990,3/27/20
Montebello,,2,34.0095,-118.1054,3/27/20
Monterey Park,,4,34.0625,-118.1228,3/27/20
Norwalk,,9,33.9022,-118.0817,3/27/20
Palmdale,,4,34.5794,-118.1093,3/27/20
Palos Verdes Estates,,12,33.7871,-118.3976,3/27/20
Paramount,,5,33.8895,-118.1598,3/27/20
Pico Rivera,,2,33.9831,-118.0967,3/27/20
Pomona,,4,34.0551,-117.7500,3/27/20
Rancho Palos Verdes,,7,33.7445,-118.3870,3/27/20
Redondo Beach,,23,33.8492,-118.3884,3/27/20
San Dimas,,1,34.1067,-117.8067,3/27/20
San Gabriel,,5,34.0968,-118.1057,3/27/20
Santa Clarita,,24,34.3917,-118.5426,3/27/20
Santa Monica,,28,34.0242,-118.4965,3/27/20
South Gate,,4,33.9560,-118.2113,3/27/20
South Pasadena,,3,34.1165,-118.1468,3/27/20
Torrance,,21,33.8408,-118.3454,3/27/20
Walnut,,1,34.0203,-117.8653,3/27/20
West Covina,,5,34.0686,-117.9390,3/27/20
West Hollywood,,42,34.0907,-118.3860,3/27/20
Whittier,,4,33.9679,-118.0189,3/27/20
Arleta,,2,34.2419,-118.4256,3/27/20
Baldwin Hills,,5,34.0047,-118.3415,3/27/20
Bel Air,,6,34.0833,-118.4487,3/27/20
Beverly Crest,,14,34.1024,-118.4163,3/27/20
Beverlywood,,8,34.0409,-118.3919,3/27/20
Boyle Heights,,8,34.0339,-118.2054,3/27/20
Brentwood,,30,34.0519,-118.4731,3/27/20
Canoga Park,,2,34.2011,-118.5981,3/27/20
Carthay,,7,34.0573,-118.3679,3/27/20
Central,,2,34.0833,-118.4487,3/27/20
Century City,,6,34.0556,-118.4179,3/27/20
Century Palms/Cove,,3,33.9461,-118.2732,3/27/20
Chatsworth,,3,34.2506,-118.6148,3/27/20
Crestview,,7,34.0458,-118.3816,3/27/20
Del Rey,,9,33.9878,-118.4229,3/27/20
Downtown,,8,34.0422,-118.2488,3/27/20
Eagle Rock,,4,34.1322,-118.2117,3/27/20
East Hollywood,,3,34.0948,-118.2910,3/27/20
Encino,,23,34.1517,-118.5214,3/27/20
Exposition Park,,2,34.0147,-118.2872,3/27/20
Florence-Firestone,,3,33.9632,-118.2426,3/27/20
Glassell Park,,4,34.1161,-118.2290,3/27/20
Granada Hills,,8,34.2794,-118.5022,3/27/20
Hancock Park,,14,34.0745,-118.3304,3/27/20
Harbor City,,1,33.7900,-118.2978,3/27/20
Harbor Gateway,,4,33.8501,-118.2991,3/27/20
Harvard Park,,1,33.9841,-118.3042,3/27/20
Highland Park,,5,34.1145,-118.1842,3/27/20
Hollywood,,30,34.1016,-118.3337,3/27/20
Hollywood Hills,,19,34.1341,-118.3215,3/27/20
Hyde Park,,2,33.9819,-118.3309,3/27/20
Koreatown,,7,34.0578,-118.3009,3/27/20
Lake Balboa,,3,34.1839,-118.4954,3/27/20
Lincoln Heights,,1,34.0706,-118.2051,3/27/20
Little Bangladesh,,2,34.0691,-118.2956,3/27/20
Los Feliz,,6,34.1124,-118.2851,3/27/20
Mar Vista,,8,34.0037,-118.4690,3/27/20
Melrose,,49,34.0837,-118.3366,3/27/20
Mid-city,,8,34.0429,-118.3344,3/27/20
Miracle Mile,,7,34.0597,-118.3500,3/27/20
North Hills,,1,34.2362,-118.4851,3/27/20
North Hollywood,,18,34.1870,-118.3813,3/27/20
Northridge,,7,34.2379,-118.5302,3/27/20
Pacific Palisades,,10,34.0481,-118.5265,3/27/20
Pacoima,,2,34.2625,-118.4270,3/27/20
Palms,,12,34.0237,-118.4151,3/27/20
Panorama City,,4,34.2247,-118.4498,3/27/20
Pico-Union,,5,34.0446,-118.2770,3/27/20
Playa Vista,,5,33.9728,-118.4276,3/27/20
Porter Ranch,,2,39.4346,-121.0205,3/27/20
Reseda,,8,34.2011,-118.5360,3/27/20
San Pedro,,8,33.7361,-118.2922,3/27/20
Sherman Oaks,,21,34.1500,-118.4489,3/27/20
Silverlake,,12,34.0869,-118.2702,3/27/20
South Carthay,,5,34.0561,-118.3734,3/27/20
South Park,,3,34.0418,-118.2639,3/27/20
Studio City,,10,34.1413,-118.3878,3/27/20
Sun Valley,,3,34.2274,-118.3811,3/27/20
Sylmar,,4,34.3058,-118.4572,3/27/20
Tarzana,,17,34.1509,-118.5517,3/27/20
Temple-Beaudry,,5,34.0629,-118.2513,3/27/20
Tujunga,,2,34.2633,-118.3027,3/27/20
University Park,,4,34.0315,-118.2797,3/27/20
Valley Glen,,2,34.1838,-118.4172,3/27/20
Valley Village,,13,34.1633,-118.3842,3/27/20
Van Nuys,,4,34.1899,-118.4514,3/27/20
Venice,,11,33.9764,-118.4667,3/27/20
Vermont Vista,,2,33.9465,-118.2826,3/27/20
Vernon Central,,3,34.0043,-118.2570,3/27/20
Watts,,1,33.9386,-118.2380,3/27/20
West Adams,,6,34.0342,-118.3623,3/27/20
West Hills,,5,34.1973,-118.6440,3/27/20
West Los Angeles,,9,34.0399,-118.4422,3/27/20
West Vernon,,6,34.0039,-118.2301,3/27/20
Westchester,,8,33.9597,-118.4006,3/27/20
Westlake,,1,34.1458,-118.8056,3/27/20
Westwood,,16,34.0561,-118.4297,3/27/20
Wholesale District,,8,34.0300,-118.2452,3/27/20
Wilmington,,5,33.7800,-118.2617,3/27/20
Wilshire Center,,4,34.0642,-118.2984,3/27/20
Winnetka,,3,34.2059,-118.5754,3/27/20
Woodland Hills,,14,34.1659,-118.6104,3/27/20
Altadena,,9,34.1902,-118.1313,3/27/20
Athens-Westmont,,5,33.9238,-118.3019,3/27/20
Castaic,,3,34.4889,-118.6229,3/27/20
East Los Angeles,,6,34.0316,-118.1724,3/27/20
Hacienda Heights,,2,33.9931,-117.9687,3/27/20
Rowland Heights,,1,33.9761,-117.9053,3/27/20
South Whittier,,3,33.9608,-118.0417,3/27/20
Long Beach,,54,33.7701,-118.1937,3/27/20
Pasadena,,9,34.1561,-118.1319,3/27/20
- Under Investigation,,154,#N/A,#N/A,3/28/20
Long Beach,,75,33.7701,-118.1937,3/28/20
Melrose,,56,34.0837,-118.3366,3/28/20
West Hollywood,,50,34.0907,-118.3860,3/28/20
Santa Monica,,38,34.0242,-118.4965,3/28/20
Hollywood,,38,34.1016,-118.3337,3/28/20
Glendale,,36,34.1425,-118.2551,3/28/20
Santa Clarita,,32,34.3917,-118.5426,3/28/20
Torrance,,32,33.8408,-118.3454,3/28/20
Brentwood,,31,34.0519,-118.4731,3/28/20
Carson,,26,33.8374,-118.2559,3/28/20
Encino,,26,34.1517,-118.5214,3/28/20
North Hollywood,,26,34.1870,-118.3813,3/28/20
Sherman Oaks,,25,34.1500,-118.4489,3/28/20
Redondo Beach,,24,33.8492,-118.3884,3/28/20
Manhattan Beach,,23,33.8812,-118.4072,3/28/20
Hollywood Hills,,23,34.1341,-118.3215,3/28/20
Beverly Hills,,21,34.0736,-118.4004,3/28/20
Lancaster,,19,34.6868,-118.1542,3/28/20
Tarzana,,19,34.1509,-118.5517,3/28/20
Downey,,18,33.9451,-118.1281,3/28/20
Woodland Hills,,18,34.1659,-118.6104,3/28/20
Burbank,,17,34.1808,-118.3090,3/28/20
Beverly Crest,,17,34.1024,-118.4163,3/28/20
Hancock Park,,17,34.0745,-118.3304,3/28/20
Westwood,,17,34.0561,-118.4297,3/28/20
Palms,,15,34.0237,-118.4151,3/28/20
Inglewood,,14,33.9610,-118.3554,3/28/20
Palos Verdes Estates,,14,33.7871,-118.3976,3/28/20
Silverlake,,14,34.0869,-118.2702,3/28/20
Valley Village,,14,34.1633,-118.3842,3/28/20
Lynwood,,13,33.9293,-118.2139,3/28/20
Venice,,13,33.9764,-118.4667,3/28/20
West Los Angeles,,13,34.0399,-118.4422,3/28/20
Bellflower,,12,33.8822,-118.1180,3/28/20
Norwalk,,12,33.9022,-118.0817,3/28/20
Westchester,,12,33.9597,-118.4006,3/28/20
Hawthorne,,11,33.9194,-118.3540,3/28/20
Lakewood,,11,33.8536,-118.1340,3/28/20
South Gate,,11,33.9560,-118.2113,3/28/20
Pacific Palisades,,11,34.0481,-118.5265,3/28/20
Reseda,,11,34.2011,-118.5360,3/28/20
Wholesale District,,11,34.0300,-118.2452,3/28/20
Alhambra,,10,34.0953,-118.1270,3/28/20
Calabasas,,10,34.1383,-118.6608,3/28/20
Beverlywood,,10,34.0409,-118.3919,3/28/20
Del Rey,,10,33.9878,-118.4229,3/28/20
Koreatown,,10,34.0578,-118.3009,3/28/20
Studio City,,10,34.1413,-118.3878,3/28/20
Altadena,,10,34.1902,-118.1313,3/28/20
Agoura Hills,,9,34.1364,-118.7745,3/28/20
Compton,,9,33.8958,-118.2201,3/28/20
Carthay,,9,34.0573,-118.3679,3/28/20
Crestview,,9,34.0458,-118.3816,3/28/20
Downtown,,9,34.0422,-118.2488,3/28/20
San Pedro,,9,33.7361,-118.2922,3/28/20
Pasadena,,9,34.1561,-118.1319,3/28/20
Arcadia,,8,34.1397,-118.0353,3/28/20
Rancho Palos Verdes,,8,33.7445,-118.3870,3/28/20
Bel Air,,8,34.0833,-118.4487,3/28/20
Boyle Heights,,8,34.0339,-118.2054,3/28/20
Century City,,8,34.0556,-118.4179,3/28/20
Eagle Rock,,8,34.1322,-118.2117,3/28/20
Granada Hills,,8,34.2794,-118.5022,3/28/20
Mar Vista,,8,34.0037,-118.4690,3/28/20
Mid-city,,8,34.0429,-118.3344,3/28/20
Miracle Mile,,8,34.0597,-118.3500,3/28/20
Northridge,,8,34.2379,-118.5302,3/28/20
Sylmar,,8,34.3058,-118.4572,3/28/20
West Vernon,,8,34.0039,-118.2301,3/28/20
Winnetka,,8,34.2059,-118.5754,3/28/20
East Los Angeles,,8,34.0316,-118.1724,3/28/20
Culver City,,7,34.0211,-118.3965,3/28/20
La Canada Flintridge,,7,34.2091,-118.2001,3/28/20
Baldwin Hills,,7,34.0047,-118.3415,3/28/20
Glassell Park,,7,34.1161,-118.2290,3/28/20
West Adams,,7,34.0342,-118.3623,3/28/20
Wilmington,,7,33.7800,-118.2617,3/28/20
Athens-Westmont,,7,33.9238,-118.3019,3/28/20
Gardena,,6,33.8938,-118.3080,3/28/20
La Mirada,,6,33.9190,-118.0105,3/28/20
Palmdale,,6,34.5794,-118.1093,3/28/20
San Gabriel,,6,34.0968,-118.1057,3/28/20
Whittier,,6,33.9679,-118.0189,3/28/20
Florence-Firestone,,6,33.9632,-118.2426,3/28/20
Highland Park,,6,34.1145,-118.1842,3/28/20
Lake Balboa,,6,34.1839,-118.4954,3/28/20
Van Nuys,,6,34.1899,-118.4514,3/28/20
West Carson,,6,33.8206,-118.2934,3/28/20
Bell,,5,33.9761,-118.1851,3/28/20
Monterey Park,,5,34.0625,-118.1228,3/28/20
Paramount,,5,33.8895,-118.1598,3/28/20
Pico Rivera,,5,33.9831,-118.0967,3/28/20
West Covina,,5,34.0686,-117.9390,3/28/20
Century Palms/Cove,,5,33.9461,-118.2732,3/28/20
East Hollywood,,5,34.0948,-118.2910,3/28/20
Los Feliz,,5,34.1124,-118.2851,3/28/20
Mission Hills,,5,34.2723,-118.4689,3/28/20
Playa Vista,,5,33.9728,-118.4276,3/28/20
South Carthay,,5,34.0561,-118.3734,3/28/20
Sun Valley,,5,34.2274,-118.3811,3/28/20
Temple-Beaudry,,5,34.0629,-118.2513,3/28/20
University Park,,5,34.0315,-118.2797,3/28/20
West Hills,,5,34.1973,-118.6440,3/28/20
South Whittier,,5,33.9608,-118.0417,3/28/20
Glendora,,4,34.1361,-117.8653,3/28/20
Monrovia,,4,34.1481,-117.9990,3/28/20
Pomona,,4,34.0551,-117.7500,3/28/20
Arleta,,4,34.2419,-118.4256,3/28/20
Chatsworth,,4,34.2506,-118.6148,3/28/20
Exposition Park,,4,34.0147,-118.2872,3/28/20
Harbor Gateway,,4,33.8501,-118.2991,3/28/20
Panorama City,,4,34.2247,-118.4498,3/28/20
Pico-Union,,4,34.0446,-118.2770,3/28/20
South Park,,4,34.0418,-118.2639,3/28/20
Wilshire Center,,4,34.0642,-118.2984,3/28/20
Castaic,,4,34.4889,-118.6229,3/28/20
Covina,,3,34.0900,-117.8903,3/28/20
Lawndale,,3,33.8881,-118.3535,3/28/20
Montebello,,3,34.0095,-118.1054,3/28/20
South Pasadena,,3,34.1165,-118.1468,3/28/20
Canoga Park,,3,34.2011,-118.5981,3/28/20
Central,,3,34.0833,-118.4487,3/28/20
Pacoima,,3,34.2625,-118.4270,3/28/20
Porter Ranch,,3,39.4346,-121.0205,3/28/20
Valley Glen,,3,34.1838,-118.4172,3/28/20
Vermont Vista,,3,33.9465,-118.2826,3/28/20
Vernon Central,,3,34.0043,-118.2570,3/28/20
Diamond Bar,,2,34.0286,-117.8103,3/28/20
Huntington Park,,2,33.9849,-118.2278,3/28/20
La Puente,,2,34.0200,-117.9495,3/28/20
Maywood,,2,33.9885,-118.1874,3/28/20
San Dimas,,2,34.1067,-117.8067,3/28/20
Walnut,,2,34.0203,-117.8653,3/28/20
Harvard Park,,2,33.9841,-118.3042,3/28/20
Hyde Park,,2,33.9819,-118.3309,3/28/20
Little Bangladesh,,2,34.0691,-118.2956,3/28/20
North Hills,,2,34.2362,-118.4851,3/28/20
Tujunga,,2,34.2633,-118.3027,3/28/20
Westlake,,2,34.1458,-118.8056,3/28/20
Hacienda Heights,,2,33.9931,-117.9687,3/28/20
Azusa,,1,34.1336,-117.9076,3/28/20
Bell Gardens,,1,33.9653,-118.1515,3/28/20
Cerritos,,1,33.8584,-118.0648,3/28/20
Claremont,,1,34.1261,-117.7158,3/28/20
La Verne,,1,34.1202,-117.7704,3/28/20
Rosemead,,1,34.0806,-118.0728,3/28/20
Temple City,,1,34.1072,-118.0579,3/28/20
El Sereno,,1,34.0875,-118.1715,3/28/20
Harbor City,,1,33.7900,-118.2978,3/28/20
Lincoln Heights,,1,34.0706,-118.2051,3/28/20
Watts,,1,33.9386,-118.2380,3/28/20
Rowland Heights,,1,33.9761,-117.9053,3/28/20
Willowbrook,,1,33.9170,-118.2551,3/28/20
Agoura Hills,,9,34.1364,-118.7745,3/29/20
Alhambra,,10,34.0953,-118.1270,3/29/20
Arcadia,,9,34.1397,-118.0353,3/29/20
Azuza,,2,34.1336,-117.9076,3/29/20
Bell,,6,33.9761,-118.1851,3/29/20
Bell Gardens,,1,33.9653,-118.1515,3/29/20
Bellflower,,14,33.8822,-118.1180,3/29/20
Beverly Hills,,24,34.0736,-118.4004,3/29/20
Burbank,,19,34.1808,-118.3090,3/29/20
Calabasas,,10,34.1383,-118.6608,3/29/20
Carson,,28,33.8374,-118.2559,3/29/20
Cerritos,,4,33.8584,-118.0648,3/29/20
Claremont,,1,34.1261,-117.7158,3/29/20
Compton,,11,33.8958,-118.2201,3/29/20
Covina,,6,34.0900,-117.8903,3/29/20
Culver City,,9,34.0211,-118.3965,3/29/20
Diamond Bar,,3,34.0286,-117.8103,3/29/20
Downey,,19,33.9451,-118.1281,3/29/20
Gardena,,6,33.8938,-118.3080,3/29/20
Glendale,,46,34.1425,-118.2551,3/29/20
Glendora,,6,34.1361,-117.8653,3/29/20
Hawthorne,,11,33.9194,-118.3540,3/29/20
Hermosa Beach,,6,33.8621,-118.4000,3/29/20
Huntington Park,,2,33.9849,-118.2278,3/29/20
Inglewood,,20,33.9610,-118.3554,3/29/20
La Canada Flintridge,,7,34.2091,-118.2001,3/29/20
La Mirada,,7,33.9190,-118.0105,3/29/20
La Puente,,3,34.0200,-117.9495,3/29/20
La Verne,,1,34.1202,-117.7704,3/29/20
Lakewood,,12,33.8536,-118.1340,3/29/20
Lancaster,,23,34.6868,-118.1542,3/29/20
Lawndale,,4,33.8881,-118.3535,3/29/20
Lynwood,,14,33.9293,-118.2139,3/29/20
Manhattan Beach,,27,33.8812,-118.4072,3/29/20
Maywood,,4,33.9885,-118.1874,3/29/20
Monrovia,,4,34.1481,-117.9990,3/29/20
Montebello,,4,34.0095,-118.1054,3/29/20
Monterey Park,,5,34.0625,-118.1228,3/29/20
Norwalk,,12,33.9022,-118.0817,3/29/20
Palmdale,,7,34.5794,-118.1093,3/29/20
Palos Verdes Estates,,14,33.7871,-118.3976,3/29/20
Paramount,,6,33.8895,-118.1598,3/29/20
Pico Rivera,,5,33.9831,-118.0967,3/29/20
Pomona,,4,34.0551,-117.7500,3/29/20
Rancho Palos Verdes,,8,33.7445,-118.3870,3/29/20
Redondo Beach,,29,33.8492,-118.3884,3/29/20
Rosemead,,2,34.0806,-118.0728,3/29/20
San Dimas,,3,34.1067,-117.8067,3/29/20
San Gabriel,,6,34.0968,-118.1057,3/29/20
Santa Clarita,,38,34.3917,-118.5426,3/29/20
Santa Monica,,41,34.0242,-118.4965,3/29/20
South Gate,,12,33.9560,-118.2113,3/29/20
South Pasadena,,5,34.1165,-118.1468,3/29/20
Temple City,,2,34.1072,-118.0579,3/29/20
Torrance,,34,33.8408,-118.3454,3/29/20
Walnut,,3,34.0203,-117.8653,3/29/20
West Covina,,6,34.0686,-117.9390,3/29/20
West Hollywood,,52,34.0907,-118.3860,3/29/20
Whittier,,8,33.9679,-118.0189,3/29/20
Arleta,,5,34.2419,-118.4256,3/29/20
Baldwin Hills,,9,34.0047,-118.3415,3/29/20
Bel Air,,9,34.0833,-118.4487,3/29/20
Beverly Crest,,18,34.1024,-118.4163,3/29/20
Beverlywood,,11,34.0409,-118.3919,3/29/20
Boyle Heights,,10,34.0339,-118.2054,3/29/20
Brentwood,,33,34.0519,-118.4731,3/29/20
Canoga Park,,3,34.2011,-118.5981,3/29/20
Carthay,,13,34.0573,-118.3679,3/29/20
Central,,4,34.0833,-118.4487,3/29/20
Century City,,8,34.0556,-118.4179,3/29/20
Century Palms/Cove,,8,33.9461,-118.2732,3/29/20
Chatsworth,,8,34.2506,-118.6148,3/29/20
Crestview,,11,34.0458,-118.3816,3/29/20
Del Rey,,12,33.9878,-118.4229,3/29/20
Downtown,,10,34.0422,-118.2488,3/29/20
Eagle Rock,,8,34.1322,-118.2117,3/29/20
East Hollywood,,6,34.0948,-118.2910,3/29/20
El Sereno,,3,34.0875,-118.1715,3/29/20
Encino,,27,34.1517,-118.5214,3/29/20
Exposition Park,,4,34.0147,-118.2872,3/29/20
Florence-Firestone,,6,33.9632,-118.2426,3/29/20
Glassell Park,,7,34.1161,-118.2290,3/29/20
Granada Hills,,8,34.2794,-118.5022,3/29/20
Hancock Park,,18,34.0745,-118.3304,3/29/20
Harbor City,,2,33.7900,-118.2978,3/29/20
Harbor Gateway,,4,33.8501,-118.2991,3/29/20
Harvard Park,,2,33.9841,-118.3042,3/29/20
Highland Park,,8,34.1145,-118.1842,3/29/20
Hollywood,,44,34.1016,-118.3337,3/29/20
Hollywood Hills,,24,34.1341,-118.3215,3/29/20
Hyde Park,,4,33.9819,-118.3309,3/29/20
Koreatown,,10,34.0578,-118.3009,3/29/20
Lake Balboa,,8,34.1839,-118.4954,3/29/20
Lincoln Heights,,2,34.0706,-118.2051,3/29/20
Little Bangladesh,,4,34.0691,-118.2956,3/29/20
Los Feliz,,8,34.1124,-118.2851,3/29/20
Mar Vista,,9,34.0037,-118.4690,3/29/20
Melrose,,71,34.0837,-118.3366,3/29/20
Mid-city,,9,34.0429,-118.3344,3/29/20
Miracle Mile,,9,34.0597,-118.3500,3/29/20
Mission Hills,,5,34.2723,-118.4689,3/29/20
North Hills,,6,34.2362,-118.4851,3/29/20
North Hollywood,,30,34.1870,-118.3813,3/29/20
Northridge,,8,34.2379,-118.5302,3/29/20
Pacific Palisades,,15,34.0481,-118.5265,3/29/20
Pacoima,,3,34.2625,-118.4270,3/29/20
Palms,,20,34.0237,-118.4151,3/29/20
Panorama City,,6,34.2247,-118.4498,3/29/20
Pico-Union,,4,34.0446,-118.2770,3/29/20
Playa Vista,,5,33.9728,-118.4276,3/29/20
Porter Ranch,,6,39.4346,-121.0205,3/29/20
Reseda,,13,34.2011,-118.5360,3/29/20
San Pedro,,10,33.7361,-118.2922,3/29/20
Sherman Oaks,,27,34.1500,-118.4489,3/29/20
Silverlake,,16,34.0869,-118.2702,3/29/20
South Carthay,,6,34.0561,-118.3734,3/29/20
South Park,,4,34.0418,-118.2639,3/29/20
Studio City,,14,34.1413,-118.3878,3/29/20
Sun Valley,,6,34.2274,-118.3811,3/29/20
Sylmar,,15,34.3058,-118.4572,3/29/20
Tarzana,,23,34.1509,-118.5517,3/29/20
Temple-Beaudry,,5,34.0629,-118.2513,3/29/20
Tujunga,,3,34.2633,-118.3027,3/29/20
University Park,,5,34.0315,-118.2797,3/29/20
Valley Glen,,4,34.1838,-118.4172,3/29/20
Valley Village,,18,34.1633,-118.3842,3/29/20
Van Nuys,,7,34.1899,-118.4514,3/29/20
Venice,,17,33.9764,-118.4667,3/29/20
Vermont Vista,,5,33.9465,-118.2826,3/29/20
Vernon Central,,3,34.0043,-118.2570,3/29/20
Watts,,2,33.9386,-118.2380,3/29/20
West Adams,,7,34.0342,-118.3623,3/29/20
West Hills,,6,34.1973,-118.6440,3/29/20
West Los Angeles,,18,34.0399,-118.4422,3/29/20
West Vernon,,8,34.0039,-118.2301,3/29/20
Westchester,,17,33.9597,-118.4006,3/29/20
Westlake,,5,34.1458,-118.8056,3/29/20
Westwood,,22,34.0561,-118.4297,3/29/20
Wholesale District,,12,34.0300,-118.2452,3/29/20
Wilmington,,10,33.7800,-118.2617,3/29/20
Wilshire Center,,5,34.0642,-118.2984,3/29/20
Winnetka,,9,34.2059,-118.5754,3/29/20
Woodland Hills,,19,34.1659,-118.6104,3/29/20
Altadena,,10,34.1902,-118.1313,3/29/20
Athens-Westmont,,7,33.9238,-118.3019,3/29/20
Castaic,,4,34.4889,-118.6229,3/29/20
East Los Angeles,,9,34.0316,-118.1724,3/29/20
Hacienda Heights,,2,33.9931,-117.9687,3/29/20
Lennox,,5,33.9397,-118.3529,3/29/20
Rowland Heights,,3,33.9761,-117.9053,3/29/20
South Whittier,,5,33.9608,-118.0417,3/29/20
West Carson,,7,33.8206,-118.2934,3/29/20
Willowbrook,,1,33.9170,-118.2551,3/29/20
Long Beach,,88,33.7701,-118.1937,3/29/20
Pasadena,,10,34.1561,-118.1319,3/29/20
Agoura Hills,,9,34.1364,-118.7745,3/30/2020
Alhambra,,11,34.0953,-118.1270,3/30/2020
Arcadia,,9,34.1397,-118.0353,3/30/2020
Azuza,,3,34.1336,-117.9076,3/30/2020
Bell,,11,33.9761,-118.1851,3/30/2020
Bell Gardens,,2,33.9653,-118.1515,3/30/2020
Bellflower,,17,33.8822,-118.1180,3/30/2020
Beverly Hills,,28,34.0736,-118.4004,3/30/2020
Burbank,,21,34.1808,-118.3090,3/30/2020
Calabasas,,11,34.1383,-118.6608,3/30/2020
Carson,,35,33.8374,-118.2559,3/30/2020
Cerritos,,5,33.8584,-118.0648,3/30/2020
Claremont,,1,34.1261,-117.7158,3/30/2020
Compton,,13,33.8958,-118.2201,3/30/2020
Covina,,8,34.0900,-117.8903,3/30/2020
Culver City,,14,34.0211,-118.3965,3/30/2020
Diamond Bar,,3,34.0286,-117.8103,3/30/2020
Downey,,25,33.9451,-118.1281,3/30/2020
El Monte,,1,34.0733,-118.0275,3/30/2020
Gardena,,7,33.8938,-118.3080,3/30/2020
Glendale,,62,34.1425,-118.2551,3/30/2020
Glendora,,6,34.1361,-117.8653,3/30/2020
Hawthorne,,13,33.9194,-118.3540,3/30/2020
Hermosa Beach,,7,33.8621,-118.4000,3/30/2020
Huntington Park,,4,33.9849,-118.2278,3/30/2020
Inglewood,,26,33.9610,-118.3554,3/30/2020
La Canada Flintridge,,8,34.2091,-118.2001,3/30/2020
La Mirada,,7,33.9190,-118.0105,3/30/2020
La Puente,,3,34.0200,-117.9495,3/30/2020
La Verne,,2,34.1202,-117.7704,3/30/2020
Lakewood,,13,33.8536,-118.1340,3/30/2020
Lancaster,,27,34.6868,-118.1542,3/30/2020
Lawndale,,4,33.8881,-118.3535,3/30/2020
Lynwood,,16,33.9293,-118.2139,3/30/2020
Manhattan Beach,,31,33.8812,-118.4072,3/30/2020
Maywood,,5,33.9885,-118.1874,3/30/2020
Monrovia,,4,34.1481,-117.9990,3/30/2020
Montebello,,4,34.0095,-118.1054,3/30/2020
Monterey Park,,5,34.0625,-118.1228,3/30/2020
Norwalk,,15,33.9022,-118.0817,3/30/2020
Palmdale,,9,34.5794,-118.1093,3/30/2020
Palos Verdes Estates,,14,33.7871,-118.3976,3/30/2020
Paramount,,7,33.8895,-118.1598,3/30/2020
Pico Rivera,,6,33.9831,-118.0967,3/30/2020
Pomona,,5,34.0551,-117.7500,3/30/2020
Rancho Palos Verdes,,10,33.7445,-118.3870,3/30/2020
Redondo Beach,,34,33.8492,-118.3884,3/30/2020
Rosemead,,2,34.0806,-118.0728,3/30/2020
San Dimas,,3,34.1067,-117.8067,3/30/2020
San Gabriel,,6,34.0968,-118.1057,3/30/2020
Santa Clarita,,41,34.3917,-118.5426,3/30/2020
Santa Monica,,47,34.0242,-118.4965,3/30/2020
South Gate,,14,33.9560,-118.2113,3/30/2020
South Pasadena,,5,34.1165,-118.1468,3/30/2020
Temple City,,1,34.1072,-118.0579,3/30/2020
Torrance,,43,33.8408,-118.3454,3/30/2020
Walnut,,3,34.0203,-117.8653,3/30/2020
West Covina,,7,34.0686,-117.9390,3/30/2020
West Hollywood,,53,34.0907,-118.3860,3/30/2020
Whittier,,8,33.9679,-118.0189,3/30/2020
Arleta,,5,34.2419,-118.4256,3/30/2020
Baldwin Hills,,9,34.0047,-118.3415,3/30/2020
Bel Air,,9,34.0833,-118.4487,3/30/2020
Beverly Crest,,19,34.1024,-118.4163,3/30/2020
Beverlywood,,11,34.0409,-118.3919,3/30/2020
Boyle Heights,,11,34.0339,-118.2054,3/30/2020
Brentwood,,34,34.0519,-118.4731,3/30/2020
Canoga Park,,4,34.2011,-118.5981,3/30/2020
Carthay,,15,34.0573,-118.3679,3/30/2020
Central,,6,34.0833,-118.4487,3/30/2020
Century City,,9,34.0556,-118.4179,3/30/2020
Century Palms/Cove,,8,33.9461,-118.2732,3/30/2020
Chatsworth,,10,34.2506,-118.6148,3/30/2020
Cheviot Hills,,5,34.0458,-118.4079,3/30/2020
Crestview,,13,34.0458,-118.3816,3/30/2020
Del Rey,,14,33.9878,-118.4229,3/30/2020
Downtown,,11,34.0422,-118.2488,3/30/2020
Eagle Rock,,8,34.1322,-118.2117,3/30/2020
East Hollywood,,10,34.0948,-118.2910,3/30/2020
Echo Park,,5,34.0782,-118.2606,3/30/2020
El Sereno,,3,34.0875,-118.1715,3/30/2020
Encino,,29,34.1517,-118.5214,3/30/2020
Exposition Park,,4,34.0147,-118.2872,3/30/2020
Florence-Firestone,,7,33.9632,-118.2426,3/30/2020
Glassell Park,,8,34.1161,-118.2290,3/30/2020
Granada Hills,,9,34.2794,-118.5022,3/30/2020
Hancock Park,,26,34.0745,-118.3304,3/30/2020
Harbor City,,4,33.7900,-118.2978,3/30/2020
Harbor Gateway,,6,33.8501,-118.2991,3/30/2020
Harvard Park,,3,33.9841,-118.3042,3/30/2020
Highland Park,,9,34.1145,-118.1842,3/30/2020
Hollywood,,49,34.1016,-118.3337,3/30/2020
Hollywood Hills,,26,34.1341,-118.3215,3/30/2020
Hyde Park,,6,33.9819,-118.3309,3/30/2020
Koreatown,,13,34.0578,-118.3009,3/30/2020
Lake Balboa,,11,34.1839,-118.4954,3/30/2020
Lincoln Heights,,2,34.0706,-118.2051,3/30/2020
Little Bangladesh,,5,34.0691,-118.2956,3/30/2020
Los Feliz,,11,34.1124,-118.2851,3/30/2020
Mar Vista,,13,34.0037,-118.4690,3/30/2020
Melrose,,82,34.0837,-118.3366,3/30/2020
Mid-city,,10,34.0429,-118.3344,3/30/2020
Miracle Mile,,10,34.0597,-118.3500,3/30/2020
Mission Hills,,6,34.2723,-118.4689,3/30/2020
North Hills,,7,34.2362,-118.4851,3/30/2020
North Hollywood,,34,34.1870,-118.3813,3/30/2020
Northridge,,8,34.2379,-118.5302,3/30/2020
Pacific Palisades,,18,34.0481,-118.5265,3/30/2020
Pacoima,,4,34.2625,-118.4270,3/30/2020
Palms,,21,34.0237,-118.4151,3/30/2020
Panorama City,,7,34.2247,-118.4498,3/30/2020
Pico-Union,,5,34.0446,-118.2770,3/30/2020
Playa Vista,,5,33.9728,-118.4276,3/30/2020
Porter Ranch,,6,39.4346,-121.0205,3/30/2020
Reseda,,20,34.2011,-118.5360,3/30/2020
San Pedro,,11,33.7361,-118.2922,3/30/2020
Sherman Oaks,,32,34.1500,-118.4489,3/30/2020
Silverlake,,18,34.0869,-118.2702,3/30/2020
South Carthay,,8,34.0561,-118.3734,3/30/2020
South Park,,4,34.0418,-118.2639,3/30/2020
Studio City,,15,34.1413,-118.3878,3/30/2020
Sun Valley,,6,34.2274,-118.3811,3/30/2020
Sylmar,,18,34.3058,-118.4572,3/30/2020
Tarzana,,24,34.1509,-118.5517,3/30/2020
Temple-Beaudry,,8,34.0629,-118.2513,3/30/2020
Tujunga,,4,34.2633,-118.3027,3/30/2020
University Park,,6,34.0315,-118.2797,3/30/2020
Valley Glen,,4,34.1838,-118.4172,3/30/2020
Valley Village,,19,34.1633,-118.3842,3/30/2020
Van Nuys,,10,34.1899,-118.4514,3/30/2020
Venice,,18,33.9764,-118.4667,3/30/2020
Vermont Vista,,5,33.9465,-118.2826,3/30/2020
Vernon Central,,4,34.0043,-118.2570,3/30/2020
Watts,,2,33.9386,-118.2380,3/30/2020
West Adams,,9,34.0342,-118.3623,3/30/2020
West Hills,,7,34.1973,-118.6440,3/30/2020
West Los Angeles,,19,34.0399,-118.4422,3/30/2020
West Vernon,,9,34.0039,-118.2301,3/30/2020
Westchester,,17,33.9597,-118.4006,3/30/2020
Westlake,,7,34.1458,-118.8056,3/30/2020
Westwood,,26,34.0561,-118.4297,3/30/2020
Wholesale District,,10,34.0300,-118.2452,3/30/2020
Wilmington,,10,33.7800,-118.2617,3/30/2020
Wilshire Center,,8,34.0642,-118.2984,3/30/2020
Winnetka,,9,34.2059,-118.5754,3/30/2020
Woodland Hills,,22,34.1659,-118.6104,3/30/2020
Altadena,,10,34.1902,-118.1313,3/30/2020
Athens-Westmont,,7,33.9238,-118.3019,3/30/2020
Castaic,,3,34.4889,-118.6229,3/30/2020
East Los Angeles,,11,34.0316,-118.1724,3/30/2020
Hacienda Heights,,2,33.9931,-117.9687,3/30/2020
Lennox,,7,33.9397,-118.3529,3/30/2020
Rowland Heights,,3,33.9761,-117.9053,3/30/2020
South Whittier,,5,33.9608,-118.0417,3/30/2020
West Carson,,8,33.8206,-118.2934,3/30/2020
Willowbrook,,2,33.9170,-118.2551,3/30/2020
- Under Investigation,,222,#N/A,#N/A,3/30/2020
Long Beach,,99,33.7701,-118.1937,3/30/2020
Pasadena,,10,34.1561,-118.1319,3/30/2020
Agoura Hills,,11,34.1364,-118.7745,3/31/2020
Alhambra,,13,34.0953,-118.1270,3/31/2020
Arcadia,,10,34.1397,-118.0353,3/31/2020
Azusa,,5,34.1336,-117.9076,3/31/2020
Baldwin Park,,2,34.0853,-117.9609,3/31/2020
Bell,,12,33.9761,-118.1851,3/31/2020
Bell Gardens,,4,33.9653,-118.1515,3/31/2020
Bellflower,,20,33.8822,-118.1180,3/31/2020
Beverly Hills,,35,34.0736,-118.4004,3/31/2020
Burbank,,27,34.1808,-118.3090,3/31/2020
Calabasas,,13,34.1383,-118.6608,3/31/2020
Carson,,39,33.8374,-118.2559,3/31/2020
Cerritos,,6,33.8584,-118.0648,3/31/2020
Claremont,,2,34.1261,-117.7158,3/31/2020
Compton,,16,33.8958,-118.2201,3/31/2020
Covina,,7,34.0900,-117.8903,3/31/2020
Culver City,,15,34.0211,-118.3965,3/31/2020
Diamond Bar,,3,34.0286,-117.8103,3/31/2020
Downey,,31,33.9451,-118.1281,3/31/2020
El Monte,,4,34.0733,-118.0275,3/31/2020
Gardena,,12,33.8938,-118.3080,3/31/2020
Glendale,,76,34.1425,-118.2551,3/31/2020
Glendora,,7,34.1361,-117.8653,3/31/2020
Hawthorne,,19,33.9194,-118.3540,3/31/2020
Hermosa Beach,,9,33.8621,-118.4000,3/31/2020
Huntington Park,,11,33.9849,-118.2278,3/31/2020
Inglewood,,31,33.9610,-118.3554,3/31/2020
La Canada Flintridge,,8,34.2091,-118.2001,3/31/2020
La Mirada,,8,33.9190,-118.0105,3/31/2020
La Puente,,3,34.0200,-117.9495,3/31/2020
La Verne,,2,34.1202,-117.7704,3/31/2020
Lakewood,,16,33.8536,-118.1340,3/31/2020
Lancaster,,31,34.6868,-118.1542,3/31/2020
Lawndale,,6,33.8881,-118.3535,3/31/2020
Lynwood,,18,33.9293,-118.2139,3/31/2020
Manhattan Beach,,40,33.8812,-118.4072,3/31/2020
Maywood,,6,33.9885,-118.1874,3/31/2020
Monrovia,,5,34.1481,-117.9990,3/31/2020
Montebello,,5,34.0095,-118.1054,3/31/2020
Monterey Park,,7,34.0625,-118.1228,3/31/2020
Norwalk,,21,33.9022,-118.0817,3/31/2020
Palmdale,,14,34.5794,-118.1093,3/31/2020
Palos Verdes Estates,,14,33.7871,-118.3976,3/31/2020
Paramount,,8,33.8895,-118.1598,3/31/2020
Pico Rivera,,9,33.9831,-118.0967,3/31/2020
Pomona,,10,34.0551,-117.7500,3/31/2020
Rancho Palos Verdes,,13,33.7445,-118.3870,3/31/2020
Redondo Beach,,39,33.8492,-118.3884,3/31/2020
Rosemead,,2,34.0806,-118.0728,3/31/2020
San Dimas,,4,34.1067,-117.8067,3/31/2020
San Gabriel,,6,34.0968,-118.1057,3/31/2020
Santa Clarita,,48,34.3917,-118.5426,3/31/2020
Santa Monica,,49,34.0242,-118.4965,3/31/2020
South Gate,,19,33.9560,-118.2113,3/31/2020
South Pasadena,,6,34.1165,-118.1468,3/31/2020
Temple City,,1,34.1072,-118.0579,3/31/2020
Torrance,,53,33.8408,-118.3454,3/31/2020
Walnut,,3,34.0203,-117.8653,3/31/2020
West Covina,,7,34.0686,-117.9390,3/31/2020
West Hollywood,,56,34.0907,-118.3860,3/31/2020
Whittier,,12,33.9679,-118.0189,3/31/2020
Adams-Normandie,,5,34.0343,-118.2993,3/31/2020
Arleta,,7,34.2419,-118.4256,3/31/2020
Baldwin Hills,,11,34.0047,-118.3415,3/31/2020
Bel Air,,11,34.0833,-118.4487,3/31/2020
Beverly Crest,,20,34.1024,-118.4163,3/31/2020
Beverlywood,,13,34.0409,-118.3919,3/31/2020
Boyle Heights,,11,34.0339,-118.2054,3/31/2020
Brentwood,,36,34.0519,-118.4731,3/31/2020
Canoga Park,,7,34.2011,-118.5981,3/31/2020
Carthay,,16,34.0573,-118.3679,3/31/2020
Central,,11,34.0833,-118.4487,3/31/2020
Century City,,13,34.0556,-118.4179,3/31/2020
Century Palms/Cove,,10,33.9461,-118.2732,3/31/2020
Chatsworth,,14,34.2506,-118.6148,3/31/2020
Cheviot Hills,,6,34.0458,-118.4079,3/31/2020
Country Club Park,,5,34.0503,-118.3212,3/31/2020
Crestview,,13,34.0458,-118.3816,3/31/2020
Del Rey,,16,33.9878,-118.4229,3/31/2020
Downtown,,14,34.0422,-118.2488,3/31/2020
Eagle Rock,,10,34.1322,-118.2117,3/31/2020
East Hollywood,,13,34.0948,-118.2910,3/31/2020
Echo Park,,5,34.0782,-118.2606,3/31/2020
El Sereno,,3,34.0875,-118.1715,3/31/2020
Encino,,30,34.1517,-118.5214,3/31/2020
Exposition Park,,7,34.0147,-118.2872,3/31/2020
Florence-Firestone,,12,33.9632,-118.2426,3/31/2020
Glassell Park,,11,34.1161,-118.2290,3/31/2020
Granada Hills,,10,34.2794,-118.5022,3/31/2020
Green Meadows,,7,33.9556,-118.2694,3/31/2020
Hancock Park,,30,34.0745,-118.3304,3/31/2020
Harbor City,,5,33.7900,-118.2978,3/31/2020
Harbor Gateway,,9,33.8501,-118.2991,3/31/2020
Harvard Park,,4,33.9841,-118.3042,3/31/2020
Highland Park,,9,34.1145,-118.1842,3/31/2020
Hollywood,,61,34.1016,-118.3337,3/31/2020
Hollywood Hills,,29,34.1341,-118.3215,3/31/2020
Hyde Park,,7,33.9819,-118.3309,3/31/2020
Koreatown,,14,34.0578,-118.3009,3/31/2020
Lake Balboa,,11,34.1839,-118.4954,3/31/2020
Lakeview Terrace,,5,34.2764,-118.3612,3/31/2020
Lincoln Heights,,4,34.0706,-118.2051,3/31/2020
Little Bangladesh,,5,34.0691,-118.2956,3/31/2020
Los Feliz,,13,34.1124,-118.2851,3/31/2020
Mar Vista,,13,34.0037,-118.4690,3/31/2020
Melrose,,100,34.0837,-118.3366,3/31/2020
Mid-city,,11,34.0429,-118.3344,3/31/2020
Miracle Mile,,12,34.0597,-118.3500,3/31/2020
Mission Hills,,6,34.2723,-118.4689,3/31/2020
North Hills,,9,34.2362,-118.4851,3/31/2020
North Hollywood,,39,34.1870,-118.3813,3/31/2020
Northridge,,9,34.2379,-118.5302,3/31/2020
Pacific Palisades,,22,34.0481,-118.5265,3/31/2020
Pacoima,,5,34.2625,-118.4270,3/31/2020
Palms,,25,34.0237,-118.4151,3/31/2020
Panorama City,,7,34.2247,-118.4498,3/31/2020
Pico-Union,,7,34.0446,-118.2770,3/31/2020
Playa Vista,,7,33.9728,-118.4276,3/31/2020
Porter Ranch,,8,39.4346,-121.0205,3/31/2020
Reseda,,20,34.2011,-118.5360,3/31/2020
San Pedro,,14,33.7361,-118.2922,3/31/2020
Sherman Oaks,,33,34.1500,-118.4489,3/31/2020
Silverlake,,20,34.0869,-118.2702,3/31/2020
South Carthay,,8,34.0561,-118.3734,3/31/2020
South Park,,5,34.0418,-118.2639,3/31/2020
Studio City,,18,34.1413,-118.3878,3/31/2020
Sun Valley,,8,34.2274,-118.3811,3/31/2020
Sunland,,5,34.2660,-118.3114,3/31/2020
Sylmar,,25,34.3058,-118.4572,3/31/2020
Tarzana,,26,34.1509,-118.5517,3/31/2020
Temple-Beaudry,,10,34.0629,-118.2513,3/31/2020
Tujunga,,5,34.2633,-118.3027,3/31/2020
University Park,,12,34.0315,-118.2797,3/31/2020
Valley Glen,,7,34.1838,-118.4172,3/31/2020
Valley Village,,21,34.1633,-118.3842,3/31/2020
Van Nuys,,13,34.1899,-118.4514,3/31/2020
Venice,,18,33.9764,-118.4667,3/31/2020
Vermont Vista,,6,33.9465,-118.2826,3/31/2020
Vernon Central,,5,34.0043,-118.2570,3/31/2020
Watts,,7,33.9386,-118.2380,3/31/2020
West Adams,,12,34.0342,-118.3623,3/31/2020
West Hills,,10,34.1973,-118.6440,3/31/2020
West Los Angeles,,20,34.0399,-118.4422,3/31/2020
West Vernon,,13,34.0039,-118.2301,3/31/2020
Westchester,,17,33.9597,-118.4006,3/31/2020
Westlake,,10,34.1458,-118.8056,3/31/2020
Westwood,,28,34.0561,-118.4297,3/31/2020
Wholesale District,,10,34.0300,-118.2452,3/31/2020
Wilmington,,12,33.7800,-118.2617,3/31/2020
Wilshire Center,,8,34.0642,-118.2984,3/31/2020
Winnetka,,10,34.2059,-118.5754,3/31/2020
Woodland Hills,,25,34.1659,-118.6104,3/31/2020
Altadena,,12,34.1902,-118.1313,3/31/2020
Athens-Westmont,,11,33.9238,-118.3019,3/31/2020
Castaic,,3,34.4889,-118.6229,3/31/2020
East Los Angeles,,14,34.0316,-118.1724,3/31/2020
Hacienda Heights,,5,33.9931,-117.9687,3/31/2020
Ladera Heights,,5,33.9878,-118.3704,3/31/2020
Lennox,,8,33.9397,-118.3529,3/31/2020
Marina del Rey,,5,33.9803,-118.4517,3/31/2020
Rowland Heights,,3,33.9761,-117.9053,3/31/2020
South Whittier,,7,33.9608,-118.0417,3/31/2020
West Carson,,9,33.8206,-118.2934,3/31/2020
Willowbrook,,2,33.9170,-118.2551,3/31/2020
- Under Investigation,,309,#N/A,#N/A,3/31/2020
Long Beach,,115,33.7701,-118.1937,3/31/2020
Pasadena,,25,34.1561,-118.1319,3/31/2020
Agoura Hills,,10,34.1364,-118.7745,4/1/2020
Alhambra,,13,34.0953,-118.1270,4/1/2020
Arcadia,,12,34.1397,-118.0353,4/1/2020
Azusa,,7,34.1336,-117.9076,4/1/2020
Baldwin Park,,3,34.0853,-117.9609,4/1/2020
Bell,,12,33.9761,-118.1851,4/1/2020
Bell Gardens,,5,33.9653,-118.1515,4/1/2020
Bellflower,,23,33.8822,-118.1180,4/1/2020
Beverly Hills,,39,34.0736,-118.4004,4/1/2020
Burbank,,39,34.1808,-118.3090,4/1/2020
Calabasas,,13,34.1383,-118.6608,4/1/2020
Carson,,44,33.8374,-118.2559,4/1/2020
Cerritos,,8,33.8584,-118.0648,4/1/2020
Claremont,,3,34.1261,-117.7158,4/1/2020
Compton,,19,33.8958,-118.2201,4/1/2020
Covina,,9,34.0900,-117.8903,4/1/2020
Culver City,,17,34.0211,-118.3965,4/1/2020
Diamond Bar,,6,34.0286,-117.8103,4/1/2020
Downey,,37,33.9451,-118.1281,4/1/2020
El Monte,,6,34.0733,-118.0275,4/1/2020
Gardena,,14,33.8938,-118.3080,4/1/2020
Glendale,,86,34.1425,-118.2551,4/1/2020
Glendora,,7,34.1361,-117.8653,4/1/2020
Hawthorne,,22,33.9194,-118.3540,4/1/2020
Hermosa Beach,,12,33.8621,-118.4000,4/1/2020
Huntington Park,,13,33.9849,-118.2278,4/1/2020
Inglewood,,37,33.9610,-118.3554,4/1/2020
La Canada Flintridge,,8,34.2091,-118.2001,4/1/2020
La Mirada,,9,33.9190,-118.0105,4/1/2020
La Puente,,6,34.0200,-117.9495,4/1/2020
La Verne,,2,34.1202,-117.7704,4/1/2020
Lakewood,,18,33.8536,-118.1340,4/1/2020
Lancaster,,32,34.6868,-118.1542,4/1/2020
Lawndale,,7,33.8881,-118.3535,4/1/2020
Lynwood,,20,33.9293,-118.2139,4/1/2020
Manhattan Beach,,41,33.8812,-118.4072,4/1/2020
Maywood,,8,33.9885,-118.1874,4/1/2020
Monrovia,,7,34.1481,-117.9990,4/1/2020
Montebello,,7,34.0095,-118.1054,4/1/2020
Monterey Park,,9,34.0625,-118.1228,4/1/2020
Norwalk,,21,33.9022,-118.0817,4/1/2020
Palmdale,,18,34.5794,-118.1093,4/1/2020
Palos Verdes Estates,,15,33.7871,-118.3976,4/1/2020
Paramount,,10,33.8895,-118.1598,4/1/2020
Pico Rivera,,14,33.9831,-118.0967,4/1/2020
Pomona,,13,34.0551,-117.7500,4/1/2020
Rancho Palos Verdes,,16,33.7445,-118.3870,4/1/2020
Redondo Beach,,50,33.8492,-118.3884,4/1/2020
Rosemead,,3,34.0806,-118.0728,4/1/2020
San Dimas,,5,34.1067,-117.8067,4/1/2020
San Fernando,,5,34.2819,-118.4390,4/1/2020
San Gabriel,,6,34.0968,-118.1057,4/1/2020
Santa Clarita,,50,34.3917,-118.5426,4/1/2020
Santa Monica,,53,34.0242,-118.4965,4/1/2020
South Gate,,25,33.9560,-118.2113,4/1/2020
South Pasadena,,7,34.1165,-118.1468,4/1/2020
Temple City,,1,34.1072,-118.0579,4/1/2020
Torrance,,63,33.8408,-118.3454,4/1/2020
Walnut,,4,34.0203,-117.8653,4/1/2020
West Covina,,7,34.0686,-117.9390,4/1/2020
West Hollywood,,64,34.0907,-118.3860,4/1/2020
Whittier,,15,33.9679,-118.0189,4/1/2020
Adams-Normandie,,8,34.0343,-118.2993,4/1/2020
Arleta,,7,34.2419,-118.4256,4/1/2020
Baldwin Hills,,13,34.0047,-118.3415,4/1/2020
Bel Air,,12,34.0833,-118.4487,4/1/2020
Beverly Crest,,22,34.1024,-118.4163,4/1/2020
Beverlywood,,15,34.0409,-118.3919,4/1/2020
Boyle Heights,,15,34.0339,-118.2054,4/1/2020
Brentwood,,39,34.0519,-118.4731,4/1/2020
Canoga Park,,10,34.2011,-118.5981,4/1/2020
Carthay,,17,34.0573,-118.3679,4/1/2020
Central,,13,34.0833,-118.4487,4/1/2020
Century City,,17,34.0556,-118.4179,4/1/2020
Century Palms/Cove,,11,33.9461,-118.2732,4/1/2020
Chatsworth,,18,34.2506,-118.6148,4/1/2020
Cheviot Hills,,8,34.0458,-118.4079,4/1/2020
Cloverdale/Cochran,,5,34.0626,-118.3465,4/1/2020
Country Club Park,,8,34.0503,-118.3212,4/1/2020
Crenshaw District,,5,34.0158,-118.3453,4/1/2020
Crestview,,15,34.0458,-118.3816,4/1/2020
Del Rey,,17,33.9878,-118.4229,4/1/2020
Downtown,,15,34.0422,-118.2488,4/1/2020
Eagle Rock,,11,34.1322,-118.2117,4/1/2020
East Hollywood,,12,34.0948,-118.2910,4/1/2020
Echo Park,,6,34.0782,-118.2606,4/1/2020
El Sereno,,4,34.0875,-118.1715,4/1/2020
Encino,,32,34.1517,-118.5214,4/1/2020
Exposition Park,,8,34.0147,-118.2872,4/1/2020
Florence-Firestone,,14,33.9632,-118.2426,4/1/2020
Glassell Park,,16,34.1161,-118.2290,4/1/2020
Granada Hills,,14,34.2794,-118.5022,4/1/2020
Green Meadows,,8,33.9556,-118.2694,4/1/2020
Hancock Park,,33,34.0745,-118.3304,4/1/2020
Harbor City,,7,33.7900,-118.2978,4/1/2020
Harbor Gateway,,9,33.8501,-118.2991,4/1/2020
Harvard Heights,,5,34.0440,-118.3042,4/1/2020
Harvard Park,,4,33.9841,-118.3042,4/1/2020
Highland Park,,9,34.1145,-118.1842,4/1/2020
Historic Filipinotown,,5,34.0703,-118.2680,4/1/2020
Hollywood,,67,34.1016,-118.3337,4/1/2020
Hollywood Hills,,32,34.1341,-118.3215,4/1/2020
Hyde Park,,8,33.9819,-118.3309,4/1/2020
Koreatown,,18,34.0578,-118.3009,4/1/2020
Lake Balboa,,14,34.1839,-118.4954,4/1/2020
Lakeview Terrace,,6,34.2764,-118.3612,4/1/2020
Leimert Park,,7,34.0118,-118.3234,4/1/2020
Lincoln Heights,,5,34.0706,-118.2051,4/1/2020
Little Bangladesh,,8,34.0691,-118.2956,4/1/2020
Los Feliz,,14,34.1124,-118.2851,4/1/2020
Mar Vista,,18,34.0037,-118.4690,4/1/2020
Marina Peninsula,,6,33.9797,-118.4657,4/1/2020
Melrose,,104,34.0837,-118.3366,4/1/2020
Mid-city,,13,34.0429,-118.3344,4/1/2020
Miracle Mile,,12,34.0597,-118.3500,4/1/2020
Mission Hills,,6,34.2723,-118.4689,4/1/2020
North Hills,,11,34.2362,-118.4851,4/1/2020
North Hollywood,,45,34.1870,-118.3813,4/1/2020
Northridge,,12,34.2379,-118.5302,4/1/2020
Pacific Palisades,,23,34.0481,-118.5265,4/1/2020
Pacoima,,7,34.2625,-118.4270,4/1/2020
Palms,,27,34.0237,-118.4151,4/1/2020
Panorama City,,11,34.2247,-118.4498,4/1/2020
Park La Brea,,5,34.0702,-118.3497,4/1/2020
Pico-Union,,9,34.0446,-118.2770,4/1/2020
Playa Vista,,7,33.9728,-118.4276,4/1/2020
Porter Ranch,,8,39.4346,-121.0205,4/1/2020
Reseda,,20,34.2011,-118.5360,4/1/2020
San Pedro,,14,33.7361,-118.2922,4/1/2020
Sherman Oaks,,37,34.1500,-118.4489,4/1/2020
Silverlake,,25,34.0869,-118.2702,4/1/2020
South Carthay,,9,34.0561,-118.3734,4/1/2020
South Park,,11,34.0418,-118.2639,4/1/2020
Studio City,,19,34.1413,-118.3878,4/1/2020
Sun Valley,,9,34.2274,-118.3811,4/1/2020
Sunland,,8,34.2660,-118.3114,4/1/2020
Sylmar,,30,34.3058,-118.4572,4/1/2020
Tarzana,,29,34.1509,-118.5517,4/1/2020
Temple-Beaudry,,11,34.0629,-118.2513,4/1/2020
Tujunga,,5,34.2633,-118.3027,4/1/2020
University Park,,14,34.0315,-118.2797,4/1/2020
Valley Glen,,8,34.1838,-118.4172,4/1/2020
Valley Village,,23,34.1633,-118.3842,4/1/2020
Van Nuys,,17,34.1899,-118.4514,4/1/2020
Venice,,18,33.9764,-118.4667,4/1/2020
Vermont Knolls,,5,33.9293,-118.2893,4/1/2020
Vermont Vista,,7,33.9465,-118.2826,4/1/2020
Vernon Central,,5,34.0043,-118.2570,4/1/2020
Watts,,7,33.9386,-118.2380,4/1/2020
West Adams,,14,34.0342,-118.3623,4/1/2020
West Hills,,10,34.1973,-118.6440,4/1/2020
West Los Angeles,,22,34.0399,-118.4422,4/1/2020
West Vernon,,15,34.0039,-118.2301,4/1/2020
Westchester,,18,33.9597,-118.4006,4/1/2020
Westlake,,13,34.1458,-118.8056,4/1/2020
Westwood,,26,34.0561,-118.4297,4/1/2020
Wholesale District,,10,34.0300,-118.2452,4/1/2020
Wilmington,,13,33.7800,-118.2617,4/1/2020
Wilshire Center,,12,34.0642,-118.2984,4/1/2020
Winnetka,,11,34.2059,-118.5754,4/1/2020
Woodland Hills,,29,34.1659,-118.6104,4/1/2020
Altadena,,14,34.1902,-118.1313,4/1/2020
Athens-Westmont,,13,33.9238,-118.3019,4/1/2020
Castaic,,3,34.4889,-118.6229,4/1/2020
East Los Angeles,,16,34.0316,-118.1724,4/1/2020
Florence-Firestone,,19,33.9632,-118.2426,4/1/2020
Hacienda Heights,,8,33.9931,-117.9687,4/1/2020
Ladera Heights,,5,33.9878,-118.3704,4/1/2020
Lennox,,8,33.9397,-118.3529,4/1/2020
Marina del Rey,,5,33.9803,-118.4517,4/1/2020
Rowland Heights,,5,33.9761,-117.9053,4/1/2020
South San Gabriel,,5,34.0492,-118.0949,4/1/2020
South Whittier,,8,33.9608,-118.0417,4/1/2020
View Park/Windsor Hills,,7,33.9943,-118.3447,4/1/2020
West Carson,,11,33.8206,-118.2934,4/1/2020
West Whittier/Los Nietos,,1,33.9760,-118.0691,4/1/2020
Willowbrook,,5,33.9170,-118.2551,4/1/2020
- Under Investigation,,394,#N/A,#N/A,4/1/2020
Long Beach,,133,33.7701,-118.1937,4/1/2020
Pasadena,,33,34.1561,-118.1319,4/1/2020
Agoura Hills,,14,34.1364,-118.7745,4/2/2020
Alhambra,,15,34.0953,-118.1270,4/2/2020
Arcadia,,12,34.1397,-118.0353,4/2/2020
Azusa,,8,34.1336,-117.9076,4/2/2020
Baldwin Park,,5,34.0853,-117.9609,4/2/2020
Bell,,14,33.9761,-118.1851,4/2/2020
Bell Gardens,,5,33.9653,-118.1515,4/2/2020
Bellflower,,24,33.8822,-118.1180,4/2/2020
Beverly Hills,,45,34.0736,-118.4004,4/2/2020
Burbank,,41,34.1808,-118.3090,4/2/2020
Calabasas,,13,34.1383,-118.6608,4/2/2020
Carson,,55,33.8374,-118.2559,4/2/2020
Cerritos,,10,33.8584,-118.0648,4/2/2020
Claremont,,3,34.1261,-117.7158,4/2/2020
Compton,,24,33.8958,-118.2201,4/2/2020
Covina,,11,34.0900,-117.8903,4/2/2020
Cudahy,,9,33.9609,-118.1858,4/2/2020
Culver City,,19,34.0211,-118.3965,4/2/2020
Diamond Bar,,7,34.0286,-117.8103,4/2/2020
Downey,,43,33.9451,-118.1281,4/2/2020
El Monte,,7,34.0733,-118.0275,4/2/2020
Gardena,,17,33.8938,-118.3080,4/2/2020
Glendale,,93,34.1425,-118.2551,4/2/2020
Glendora,,7,34.1361,-117.8653,4/2/2020
Hawthorne,,26,33.9194,-118.3540,4/2/2020
Hermosa Beach,,15,33.8621,-118.4000,4/2/2020
Huntington Park,,15,33.9849,-118.2278,4/2/2020
Inglewood,,44,33.9610,-118.3554,4/2/2020
La Canada Flintridge,,8,34.2091,-118.2001,4/2/2020
La Mirada,,11,33.9190,-118.0105,4/2/2020
La Puente,,7,34.0200,-117.9495,4/2/2020
La Verne,,2,34.1202,-117.7704,4/2/2020
Lakewood,,21,33.8536,-118.1340,4/2/2020
Lancaster,,33,34.6868,-118.1542,4/2/2020
Lawndale,,8,33.8881,-118.3535,4/2/2020
Lynwood,,21,33.9293,-118.2139,4/2/2020
Malibu,,5,34.0259,-118.7798,4/2/2020
Manhattan Beach,,43,33.8812,-118.4072,4/2/2020
Maywood,,10,33.9885,-118.1874,4/2/2020
Monrovia,,7,34.1481,-117.9990,4/2/2020
Montebello,,9,34.0095,-118.1054,4/2/2020
Monterey Park,,11,34.0625,-118.1228,4/2/2020
Norwalk,,26,33.9022,-118.0817,4/2/2020
Palmdale,,20,34.5794,-118.1093,4/2/2020
Palos Verdes Estates,,18,33.7871,-118.3976,4/2/2020
Paramount,,13,33.8895,-118.1598,4/2/2020
Pico Rivera,,15,33.9831,-118.0967,4/2/2020
Pomona,,15,34.0551,-117.7500,4/2/2020
Rancho Palos Verdes,,20,33.7445,-118.3870,4/2/2020
Redondo Beach,,54,33.8492,-118.3884,4/2/2020
Rolling Hills Estates,,5,33.7878,-118.3581,4/2/2020
Rosemead,,3,34.0806,-118.0728,4/2/2020
San Dimas,,6,34.1067,-117.8067,4/2/2020
San Fernando,,5,34.2819,-118.4390,4/2/2020
San Gabriel,,7,34.0968,-118.1057,4/2/2020
Santa Clarita,,65,34.3917,-118.5426,4/2/2020
Santa Monica,,56,34.0242,-118.4965,4/2/2020
South Gate,,30,33.9560,-118.2113,4/2/2020
South Pasadena,,7,34.1165,-118.1468,4/2/2020
Temple City,,1,34.1072,-118.0579,4/2/2020
Torrance,,69,33.8408,-118.3454,4/2/2020
Walnut,,4,34.0203,-117.8653,4/2/2020
West Covina,,7,34.0686,-117.9390,4/2/2020
West Hollywood,,68,34.0907,-118.3860,4/2/2020
Whittier,,16,33.9679,-118.0189,4/2/2020
Adams-Normandie,,8,34.0343,-118.2993,4/2/2020
Arleta,,7,34.2419,-118.4256,4/2/2020
Baldwin Hills,,13,34.0047,-118.3415,4/2/2020
Bel Air,,12,34.0833,-118.4487,4/2/2020
Beverly Crest,,23,34.1024,-118.4163,4/2/2020
Beverlywood,,15,34.0409,-118.3919,4/2/2020
Boyle Heights,,20,34.0339,-118.2054,4/2/2020
Brentwood,,42,34.0519,-118.4731,4/2/2020
Canoga Park,,16,34.2011,-118.5981,4/2/2020
Carthay,,17,34.0573,-118.3679,4/2/2020
Central,,16,34.0833,-118.4487,4/2/2020
Century City,,17,34.0556,-118.4179,4/2/2020
Century Palms/Cove,,11,33.9461,-118.2732,4/2/2020
Chatsworth,,20,34.2506,-118.6148,4/2/2020
Cheviot Hills,,9,34.0458,-118.4079,4/2/2020
Cloverdale/Cochran,,5,34.0626,-118.3465,4/2/2020
Country Club Park,,9,34.0503,-118.3212,4/2/2020
Crenshaw District,,7,34.0158,-118.3453,4/2/2020
Crestview,,17,34.0458,-118.3816,4/2/2020
Del Rey,,20,33.9878,-118.4229,4/2/2020
Downtown,,15,34.0422,-118.2488,4/2/2020
Eagle Rock,,13,34.1322,-118.2117,4/2/2020
East Hollywood,,12,34.0948,-118.2910,4/2/2020
Echo Park,,6,34.0782,-118.2606,4/2/2020
El Sereno,,9,34.0875,-118.1715,4/2/2020
Encino,,33,34.1517,-118.5214,4/2/2020
Exposition Park,,13,34.0147,-118.2872,4/2/2020
Florence-Firestone,,18,33.9632,-118.2426,4/2/2020
Glassell Park,,18,34.1161,-118.2290,4/2/2020
Gramercy Place,,5,34.0468,-118.3127,4/2/2020
Granada Hills,,19,34.2794,-118.5022,4/2/2020
Green Meadows,,8,33.9556,-118.2694,4/2/2020
Hancock Park,,34,34.0745,-118.3304,4/2/2020
Harbor City,,8,33.7900,-118.2978,4/2/2020
Harbor Gateway,,11,33.8501,-118.2991,4/2/2020
Harvard Heights,,6,34.0440,-118.3042,4/2/2020
Harvard Park,,5,33.9841,-118.3042,4/2/2020
Highland Park,,10,34.1145,-118.1842,4/2/2020
Historic Filipinotown,,6,34.0703,-118.2680,4/2/2020
Hollywood,,71,34.1016,-118.3337,4/2/2020
Hollywood Hills,,34,34.1341,-118.3215,4/2/2020
Hyde Park,,10,33.9819,-118.3309,4/2/2020
Koreatown,,21,34.0578,-118.3009,4/2/2020
Lake Balboa,,16,34.1839,-118.4954,4/2/2020
Lakeview Terrace,,8,34.2764,-118.3612,4/2/2020
Leimert Park,,10,34.0118,-118.3234,4/2/2020
Lincoln Heights,,6,34.0706,-118.2051,4/2/2020
Little Bangladesh,,9,34.0691,-118.2956,4/2/2020
Los Feliz,,16,34.1124,-118.2851,4/2/2020
Mar Vista,,21,34.0037,-118.4690,4/2/2020
Marina Peninsula,,6,33.9797,-118.4657,4/2/2020
Melrose,,113,34.0837,-118.3366,4/2/2020
Mid-city,,14,34.0429,-118.3344,4/2/2020
Miracle Mile,,12,34.0597,-118.3500,4/2/2020
Mission Hills,,6,34.2723,-118.4689,4/2/2020
North Hills,,13,34.2362,-118.4851,4/2/2020
North Hollywood,,57,34.1870,-118.3813,4/2/2020
Northridge,,14,34.2379,-118.5302,4/2/2020
Pacific Palisades,,24,34.0481,-118.5265,4/2/2020
Pacoima,,8,34.2625,-118.4270,4/2/2020
Palms,,28,34.0237,-118.4151,4/2/2020
Panorama City,,16,34.2247,-118.4498,4/2/2020
Park La Brea,,6,34.0702,-118.3497,4/2/2020
Pico-Union,,9,34.0446,-118.2770,4/2/2020
Playa Vista,,7,33.9728,-118.4276,4/2/2020
Porter Ranch,,12,39.4346,-121.0205,4/2/2020
Reseda,,21,34.2011,-118.5360,4/2/2020
San Pedro,,19,33.7361,-118.2922,4/2/2020
Shadow Hills,,5,34.2575,-118.3550,4/2/2020
Sherman Oaks,,43,34.1500,-118.4489,4/2/2020
Silverlake,,25,34.0869,-118.2702,4/2/2020
South Carthay,,14,34.0561,-118.3734,4/2/2020
South Park,,12,34.0418,-118.2639,4/2/2020
Studio City,,19,34.1413,-118.3878,4/2/2020
Sun Valley,,10,34.2274,-118.3811,4/2/2020
Sunland,,9,34.2660,-118.3114,4/2/2020
Sylmar,,35,34.3058,-118.4572,4/2/2020
Tarzana,,29,34.1509,-118.5517,4/2/2020
Temple-Beaudry,,12,34.0629,-118.2513,4/2/2020
Tujunga,,5,34.2633,-118.3027,4/2/2020
University Park,,15,34.0315,-118.2797,4/2/2020
Valley Glen,,11,34.1838,-118.4172,4/2/2020
Valley Village,,23,34.1633,-118.3842,4/2/2020
Van Nuys,,22,34.1899,-118.4514,4/2/2020
Venice,,20,33.9764,-118.4667,4/2/2020
Vermont Knolls,,7,33.9293,-118.2893,4/2/2020
Vermont Square,,5,34.0037,-118.3002,4/2/2020
Vermont Vista,,7,33.9465,-118.2826,4/2/2020
Vernon Central,,7,34.0043,-118.2570,4/2/2020
Victoria Park,,6,34.0470,-118.3319,4/2/2020
Watts,,11,33.9386,-118.2380,4/2/2020
West Adams,,15,34.0342,-118.3623,4/2/2020
West Hills,,11,34.1973,-118.6440,4/2/2020
West Los Angeles,,24,34.0399,-118.4422,4/2/2020
West Vernon,,17,34.0039,-118.2301,4/2/2020
Westchester,,18,33.9597,-118.4006,4/2/2020
Westlake,,20,34.1458,-118.8056,4/2/2020
Westwood,,25,34.0561,-118.4297,4/2/2020
Wholesale District,,12,34.0300,-118.2452,4/2/2020
Wilmington,,13,33.7800,-118.2617,4/2/2020
Wilshire Center,,15,34.0642,-118.2984,4/2/2020
Winnetka,,15,34.2059,-118.5754,4/2/2020
Woodland Hills,,33,34.1659,-118.6104,4/2/2020
Altadena,,16,34.1902,-118.1313,4/2/2020
Athens-Westmont,,15,33.9238,-118.3019,4/2/2020
Castaic,,4,34.4889,-118.6229,4/2/2020
Covina,,6,34.0900,-117.8903,4/2/2020
East Los Angeles,,23,34.0316,-118.1724,4/2/2020
Florence-Firestone,,23,33.9632,-118.2426,4/2/2020
Hacienda Heights,,12,33.9931,-117.9687,4/2/2020
Ladera Heights,,6,33.9878,-118.3704,4/2/2020
Lennox,,9,33.9397,-118.3529,4/2/2020
Marina del Rey,,5,33.9803,-118.4517,4/2/2020
Rowland Heights,,6,33.9761,-117.9053,4/2/2020
South San Gabriel,,5,34.0492,-118.0949,4/2/2020
South Whittier,,9,33.9608,-118.0417,4/2/2020
Stevenson Ranch,,5,34.3873,-118.5802,4/2/2020
View Park/Windsor Hills,,7,33.9943,-118.3447,4/2/2020
West Carson,,11,33.8206,-118.2934,4/2/2020
West Whittier/Los Nietos,,2,33.9760,-118.0691,4/2/2020
Willowbrook,,6,33.9170,-118.2551,4/2/2020
- Under Investigation,,505,#N/A,#N/A,4/2/2020
Long Beach,,139,33.7701,-118.1937,4/2/2020
Pasadena,,37,34.1561,-118.1319,4/2/2020