,ds,region,current_cases,new_cases,cases_7_day_avg,population_2010,cases_per_100k_7_day_avg
0,2020-03-18,,4.0,0.0,,,
1,2020-03-19,,6.0,2.0,,,
2,2020-03-20,,6.0,0.0,,,
3,2020-03-21,,9.0,3.0,,,
4,2020-03-22,,9.0,0.0,,,
5,2020-03-23,,9.0,0.0,,,
6,2020-03-24,,11.0,2.0,1.0,,
7,2020-03-25,,13.0,2.0,1.29,,
8,2020-03-26,,17.0,4.0,1.57,,
9,2020-03-27,,13.0,-4.0,1.0,,
10,2020-03-28,,16.0,3.0,1.0,,
11,2020-03-29,,23.0,7.0,2.0,,
12,2020-03-30,,24.0,1.0,2.14,,
13,2020-03-31,,26.0,2.0,2.14,,
14,2020-04-01,,26.0,0.0,1.86,,
15,2020-04-02,,32.0,6.0,2.14,,
16,2020-04-03,,32.0,0.0,2.71,,
17,2020-04-04,,36.0,4.0,2.86,,
18,2020-04-05,,51.0,15.0,4.0,,
19,2020-04-06,,51.0,0.0,3.86,,
20,2020-04-07,,57.0,6.0,4.43,,
21,2020-04-08,,58.0,1.0,4.57,,
22,2020-04-09,,62.0,4.0,4.29,,
23,2020-04-10,,67.0,5.0,5.0,,
24,2020-04-11,,69.0,2.0,4.71,,
25,2020-04-12,,69.0,0.0,2.57,,
26,2020-04-13,,70.0,1.0,2.71,,
27,2020-04-14,,72.0,2.0,2.14,,
28,2020-04-15,,70.0,-2.0,1.71,,
29,2020-04-16,,70.0,0.0,1.14,,
30,2020-04-17,,73.0,3.0,0.86,,
31,2020-04-18,,77.0,4.0,1.14,,
32,2020-04-19,,80.0,3.0,1.57,,
33,2020-04-20,,86.0,6.0,2.29,,
34,2020-04-21,,90.0,4.0,2.57,,
35,2020-04-22,,95.0,5.0,3.57,,
36,2020-04-23,,98.0,3.0,4.0,,
37,2020-04-24,,100.0,2.0,3.86,,
38,2020-04-25,,99.0,-1.0,3.14,,
39,2020-04-26,,102.0,3.0,3.14,,
40,2020-04-27,,104.0,2.0,2.57,,
41,2020-04-28,,109.0,5.0,2.71,,
42,2020-04-29,,113.0,4.0,2.57,,
43,2020-04-30,,114.0,1.0,2.29,,
44,2020-05-01,,117.0,3.0,2.43,,
45,2020-05-03,,125.0,8.0,3.71,,
46,2020-05-04,,125.0,0.0,3.29,,
47,2020-05-05,,128.0,3.0,3.43,,
48,2020-05-06,,133.0,5.0,3.43,,
49,2020-05-07,,134.0,1.0,3.0,,
50,2020-05-08,,135.0,1.0,3.0,,
51,2020-05-09,,139.0,4.0,3.14,,
52,2020-05-10,,139.0,0.0,2.0,,
53,2020-05-11,,139.0,0.0,2.0,,
54,2020-05-12,,141.0,2.0,1.86,,
55,2020-05-13,,143.0,2.0,1.43,,
56,2020-05-14,,144.0,1.0,1.43,,
57,2020-05-15,,146.0,2.0,1.57,,
58,2020-05-16,,148.0,2.0,1.29,,
59,2020-05-17,,152.0,4.0,1.86,,
60,2020-05-18,,152.0,0.0,1.86,,
61,2020-03-20,Antelope Valley,3.0,0.0,,295943.0,
62,2020-03-21,Antelope Valley,3.0,0.0,,295943.0,
63,2020-03-22,Antelope Valley,4.0,1.0,,295943.0,
64,2020-03-23,Antelope Valley,8.0,4.0,,295943.0,
65,2020-03-24,Antelope Valley,10.0,2.0,,295943.0,
66,2020-03-25,Antelope Valley,15.0,5.0,,295943.0,
67,2020-03-26,Antelope Valley,18.0,3.0,2.14,295943.0,0.7231122209344368
68,2020-03-27,Antelope Valley,22.0,4.0,2.71,295943.0,0.9157168779123007
69,2020-03-28,Antelope Valley,25.0,3.0,3.14,295943.0,1.0610151279131455
70,2020-03-29,Antelope Valley,30.0,5.0,3.71,295943.0,1.2536197848910096
71,2020-03-30,Antelope Valley,36.0,6.0,4.0,295943.0,1.3516116279148351
72,2020-03-31,Antelope Valley,45.0,9.0,5.0,295943.0,1.6895145348935439
73,2020-04-01,Antelope Valley,50.0,5.0,5.0,295943.0,1.6895145348935439
74,2020-04-02,Antelope Valley,53.0,3.0,5.0,295943.0,1.6895145348935439
75,2020-04-03,Antelope Valley,65.0,12.0,6.14,295943.0,2.074723848849272
76,2020-04-04,Antelope Valley,74.0,9.0,7.0,295943.0,2.3653203488509615
77,2020-04-05,Antelope Valley,88.0,14.0,8.29,295943.0,2.801215098853495
78,2020-04-06,Antelope Valley,107.0,19.0,10.14,295943.0,3.426335476764107
79,2020-04-07,Antelope Valley,117.0,10.0,10.29,295943.0,3.477020912810913
80,2020-04-08,Antelope Valley,138.0,21.0,12.57,295943.0,4.247439540722369
81,2020-04-09,Antelope Valley,156.0,18.0,14.71,295943.0,4.9705517616568065
82,2020-04-10,Antelope Valley,172.0,16.0,15.29,295943.0,5.166535447704456
83,2020-04-11,Antelope Valley,182.0,10.0,15.43,295943.0,5.213841854681476
84,2020-04-12,Antelope Valley,196.0,14.0,15.43,295943.0,5.213841854681476
85,2020-04-13,Antelope Valley,197.0,1.0,12.86,295943.0,4.345431383746194
86,2020-04-14,Antelope Valley,211.0,14.0,13.43,295943.0,4.538036040724059
87,2020-04-15,Antelope Valley,229.0,18.0,13.0,295943.0,4.392737790723214
88,2020-04-16,Antelope Valley,238.0,9.0,11.71,295943.0,3.95684304072068
89,2020-04-17,Antelope Valley,260.0,22.0,12.57,295943.0,4.247439540722369
90,2020-04-18,Antelope Valley,289.0,29.0,15.29,295943.0,5.166535447704456
91,2020-04-19,Antelope Valley,297.0,8.0,14.43,295943.0,4.8759389477027675
92,2020-04-20,Antelope Valley,356.0,59.0,22.71,295943.0,7.673775017486476
93,2020-04-21,Antelope Valley,469.0,113.0,36.86,295943.0,12.455101151235205
94,2020-04-22,Antelope Valley,536.0,67.0,43.86,295943.0,14.820421500086166
95,2020-04-23,Antelope Valley,586.0,50.0,49.71,295943.0,16.797153505911613
96,2020-04-24,Antelope Valley,621.0,35.0,51.57,295943.0,17.425652912892012
97,2020-04-25,Antelope Valley,648.0,27.0,51.29,295943.0,17.331040098937972
98,2020-04-26,Antelope Valley,663.0,15.0,52.29,295943.0,17.66894300591668
99,2020-04-27,Antelope Valley,709.0,46.0,50.43,295943.0,17.04044359893628
100,2020-04-28,Antelope Valley,717.0,8.0,35.43,295943.0,11.97189999425565
101,2020-04-29,Antelope Valley,747.0,30.0,30.14,295943.0,10.184393616338282
102,2020-04-30,Antelope Valley,766.0,19.0,25.71,295943.0,8.687483738422603
103,2020-05-01,Antelope Valley,799.0,33.0,25.43,295943.0,8.592870924468563
104,2020-05-03,Antelope Valley,841.0,42.0,27.57,295943.0,9.315983145403
105,2020-05-04,Antelope Valley,851.0,10.0,26.86,295943.0,9.076072081448118
106,2020-05-05,Antelope Valley,893.0,42.0,26.29,295943.0,8.883467424470252
107,2020-05-06,Antelope Valley,922.0,29.0,29.29,295943.0,9.89717614540638
108,2020-05-07,Antelope Valley,945.0,23.0,28.29,295943.0,9.55927323842767
109,2020-05-08,Antelope Valley,958.0,13.0,27.43,295943.0,9.268676738425981
110,2020-05-09,Antelope Valley,979.0,21.0,25.71,295943.0,8.687483738422603
111,2020-05-10,Antelope Valley,985.0,6.0,20.57,295943.0,6.95066279655204
112,2020-05-11,Antelope Valley,1000.0,15.0,21.29,295943.0,7.1939528895767095
113,2020-05-12,Antelope Valley,1009.0,9.0,16.57,295943.0,5.599051168637204
114,2020-05-13,Antelope Valley,1043.0,34.0,17.29,295943.0,5.842341261661875
115,2020-05-14,Antelope Valley,1064.0,21.0,17.0,295943.0,5.744349418638049
116,2020-05-15,Antelope Valley,1078.0,14.0,17.14,295943.0,5.791655825615068
117,2020-05-16,Antelope Valley,1105.0,27.0,18.0,295943.0,6.082252325616758
118,2020-05-17,Antelope Valley,1122.0,17.0,19.57,295943.0,6.61275988957333
119,2020-05-18,Antelope Valley,1143.0,21.0,20.43,295943.0,6.90335638957502
120,2020-03-18,Central L.A.,31.0,0.0,,836638.0,
121,2020-03-19,Central L.A.,38.0,7.0,,836638.0,
122,2020-03-20,Central L.A.,46.0,8.0,,836638.0,
123,2020-03-21,Central L.A.,61.0,15.0,,836638.0,
124,2020-03-22,Central L.A.,76.0,15.0,,836638.0,
125,2020-03-23,Central L.A.,98.0,22.0,,836638.0,
126,2020-03-24,Central L.A.,133.0,35.0,14.57,836638.0,1.741493931664591
127,2020-03-25,Central L.A.,159.0,26.0,18.29,836638.0,2.186130680174699
128,2020-03-26,Central L.A.,218.0,59.0,25.71,836638.0,3.0730136570416358
129,2020-03-27,Central L.A.,250.0,32.0,29.14,836638.0,3.482987863329182
130,2020-03-28,Central L.A.,294.0,44.0,33.29,836638.0,3.9790207951348133
131,2020-03-29,Central L.A.,337.0,43.0,37.29,836638.0,4.457124825790844
132,2020-03-30,Central L.A.,396.0,59.0,42.57,836638.0,5.088222146256804
133,2020-03-31,Central L.A.,464.0,68.0,47.29,836638.0,5.65238490243092
134,2020-04-01,Central L.A.,544.0,80.0,55.0,836638.0,6.573930421520419
135,2020-04-02,Central L.A.,599.0,55.0,54.43,836638.0,6.505800597151935
136,2020-04-03,Central L.A.,692.0,93.0,63.14,836638.0,7.546872123905441
137,2020-04-04,Central L.A.,772.0,80.0,68.29,836638.0,8.162431063375081
138,2020-04-05,Central L.A.,865.0,93.0,75.43,836638.0,9.015846758096096
139,2020-04-06,Central L.A.,919.0,54.0,74.71,836638.0,8.929788032578008
140,2020-04-07,Central L.A.,993.0,74.0,75.57,836638.0,9.032580399169055
141,2020-04-08,Central L.A.,1067.0,74.0,74.71,836638.0,8.929788032578008
142,2020-04-09,Central L.A.,1145.0,78.0,78.0,836638.0,9.323028597792595
143,2020-04-10,Central L.A.,1207.0,62.0,73.57,836638.0,8.79352838384104
144,2020-04-11,Central L.A.,1267.0,60.0,70.71,836638.0,8.451684001921977
145,2020-04-12,Central L.A.,1292.0,25.0,61.0,836638.0,7.291086467504464
146,2020-04-13,Central L.A.,1321.0,29.0,57.43,836638.0,6.864378620143958
147,2020-04-14,Central L.A.,1393.0,72.0,57.14,836638.0,6.829716077921395
148,2020-04-15,Central L.A.,1450.0,57.0,54.71,836638.0,6.539267879297857
149,2020-04-16,Central L.A.,1496.0,46.0,50.14,836638.0,5.993034024273342
150,2020-04-17,Central L.A.,1556.0,60.0,49.86,836638.0,5.95956674212742
151,2020-04-18,Central L.A.,1657.0,101.0,55.71,836638.0,6.658793886961864
152,2020-04-19,Central L.A.,1693.0,36.0,57.29,836638.0,6.847644979070997
153,2020-04-20,Central L.A.,1865.0,172.0,77.71,836638.0,9.288366055570032
154,2020-04-21,Central L.A.,2048.0,183.0,93.57,836638.0,11.184048537121193
155,2020-04-22,Central L.A.,2198.0,150.0,106.86,836638.0,12.772549178975854
156,2020-04-23,Central L.A.,2299.0,101.0,114.71,836638.0,13.710828339138313
157,2020-04-24,Central L.A.,2391.0,92.0,119.29,836638.0,14.25825745423947
158,2020-04-25,Central L.A.,2443.0,52.0,112.29,836638.0,13.421575400591417
159,2020-04-26,Central L.A.,2494.0,51.0,114.43,836638.0,13.677361056992392
160,2020-04-27,Central L.A.,2573.0,79.0,101.14,836638.0,12.08886041513773
161,2020-04-28,Central L.A.,2646.0,73.0,85.43,836638.0,10.21110683473617
162,2020-04-29,Central L.A.,2772.0,126.0,82.0,836638.0,9.801132628448626
163,2020-04-30,Central L.A.,2874.0,102.0,82.14,836638.0,9.817866269521586
164,2020-05-01,Central L.A.,3007.0,133.0,88.0,836638.0,10.51828867443267
165,2020-05-03,Central L.A.,3147.0,140.0,100.57,836638.0,12.020730590769245
166,2020-05-04,Central L.A.,3195.0,48.0,100.14,836638.0,11.969334407473722
167,2020-05-05,Central L.A.,3375.0,180.0,114.57,836638.0,13.694094698065353
168,2020-05-06,Central L.A.,3488.0,113.0,120.29,836638.0,14.377783461903476
169,2020-05-07,Central L.A.,3580.0,92.0,115.43,836638.0,13.796887064656401
170,2020-05-08,Central L.A.,3694.0,114.0,117.14,836638.0,14.001276537761852
171,2020-05-09,Central L.A.,3778.0,84.0,110.14,836638.0,13.164594484113799
172,2020-05-10,Central L.A.,3836.0,58.0,98.43,836638.0,11.764944934368271
173,2020-05-11,Central L.A.,3883.0,47.0,98.29,836638.0,11.74821129329531
174,2020-05-12,Central L.A.,4031.0,148.0,93.71,836638.0,11.200782178194153
175,2020-05-13,Central L.A.,4166.0,135.0,96.86,836638.0,11.577289102335778
176,2020-05-14,Central L.A.,4261.0,95.0,97.29,836638.0,11.628685285631303
177,2020-05-15,Central L.A.,4336.0,75.0,91.71,836638.0,10.961730162866138
178,2020-05-16,Central L.A.,4497.0,161.0,102.71,836638.0,12.276516247170221
179,2020-05-17,Central L.A.,4555.0,58.0,102.71,836638.0,12.276516247170221
180,2020-05-18,Central L.A.,4598.0,43.0,102.14,836638.0,12.208386422801738
181,2020-03-18,Eastside,5.0,0.0,,286222.0,
182,2020-03-19,Eastside,6.0,1.0,,286222.0,
183,2020-03-20,Eastside,6.0,0.0,,286222.0,
184,2020-03-21,Eastside,6.0,0.0,,286222.0,
185,2020-03-22,Eastside,7.0,1.0,,286222.0,
186,2020-03-23,Eastside,8.0,1.0,,286222.0,
187,2020-03-24,Eastside,9.0,1.0,0.57,286222.0,0.19914611734946996
188,2020-03-25,Eastside,8.0,-1.0,0.43,286222.0,0.1502330358952142
189,2020-03-26,Eastside,12.0,4.0,0.86,286222.0,0.3004660717904284
190,2020-03-27,Eastside,15.0,3.0,1.29,286222.0,0.4506991076856426
191,2020-03-28,Eastside,18.0,3.0,1.71,286222.0,0.5974383520484099
192,2020-03-29,Eastside,24.0,6.0,2.43,286222.0,0.8489913423845826
193,2020-03-30,Eastside,27.0,3.0,2.71,286222.0,0.946817505293094
194,2020-03-31,Eastside,32.0,5.0,3.29,286222.0,1.149457414175011
195,2020-04-01,Eastside,40.0,8.0,4.57,286222.0,1.5966627303282068
196,2020-04-02,Eastside,58.0,18.0,6.57,286222.0,2.295421036817575
197,2020-04-03,Eastside,74.0,16.0,8.43,286222.0,2.9452662618526873
198,2020-04-04,Eastside,103.0,29.0,12.14,286222.0,4.241462920390466
199,2020-04-05,Eastside,110.0,7.0,12.29,286222.0,4.293869793377168
200,2020-04-06,Eastside,123.0,13.0,13.71,286222.0,4.78998819098462
201,2020-04-07,Eastside,133.0,10.0,14.43,286222.0,5.041541181320793
202,2020-04-08,Eastside,149.0,16.0,15.57,286222.0,5.439833416019733
203,2020-04-09,Eastside,161.0,12.0,14.71,286222.0,5.139367344229305
204,2020-04-10,Eastside,178.0,17.0,14.86,286222.0,5.191774217216007
205,2020-04-11,Eastside,192.0,14.0,12.71,286222.0,4.440609037739936
206,2020-04-12,Eastside,201.0,9.0,13.0,286222.0,4.541928992180894
207,2020-04-13,Eastside,208.0,7.0,12.14,286222.0,4.241462920390466
208,2020-04-14,Eastside,225.0,17.0,13.14,286222.0,4.59084207363515
209,2020-04-15,Eastside,236.0,11.0,12.43,286222.0,4.342782874831424
210,2020-04-16,Eastside,250.0,14.0,12.71,286222.0,4.440609037739936
211,2020-04-17,Eastside,256.0,6.0,11.14,286222.0,3.892083767145782
212,2020-04-18,Eastside,273.0,17.0,11.57,286222.0,4.042316803040996
213,2020-04-19,Eastside,283.0,10.0,11.71,286222.0,4.091229884495252
214,2020-04-20,Eastside,349.0,66.0,20.14,286222.0,7.03649614634794
215,2020-04-21,Eastside,418.0,69.0,27.57,286222.0,9.632383254955943
216,2020-04-22,Eastside,470.0,52.0,33.43,286222.0,11.679745092969792
217,2020-04-23,Eastside,525.0,55.0,39.29,286222.0,13.727106930983641
218,2020-04-24,Eastside,571.0,46.0,45.0,286222.0,15.722061896010787
219,2020-04-25,Eastside,591.0,20.0,45.43,286222.0,15.872294931906001
220,2020-04-26,Eastside,596.0,5.0,44.71,286222.0,15.620741941569829
221,2020-04-27,Eastside,651.0,55.0,43.14,286222.0,15.072216670975676
222,2020-04-28,Eastside,671.0,20.0,36.14,286222.0,12.626562598262886
223,2020-04-29,Eastside,709.0,38.0,34.14,286222.0,11.927804291773517
224,2020-04-30,Eastside,733.0,24.0,29.71,286222.0,10.380054642899568
225,2020-05-01,Eastside,772.0,39.0,28.71,286222.0,10.030675489654882
226,2020-05-03,Eastside,845.0,73.0,36.29,286222.0,12.678969471249589
227,2020-05-04,Eastside,856.0,11.0,37.14,286222.0,12.97594175150757
228,2020-05-05,Eastside,916.0,60.0,37.86,286222.0,13.227494741843742
229,2020-05-06,Eastside,941.0,25.0,38.57,286222.0,13.475553940647469
230,2020-05-07,Eastside,970.0,29.0,37.29,286222.0,13.028348624494273
231,2020-05-08,Eastside,1005.0,35.0,38.86,286222.0,13.576873895088427
232,2020-05-09,Eastside,1048.0,43.0,39.43,286222.0,13.776020012437897
233,2020-05-10,Eastside,1063.0,15.0,31.14,286222.0,10.879666832039465
234,2020-05-11,Eastside,1084.0,21.0,32.57,286222.0,11.379279021179364
235,2020-05-12,Eastside,1112.0,28.0,28.0,286222.0,9.782616290851157
236,2020-05-13,Eastside,1154.0,42.0,30.43,286222.0,10.63160763323574
237,2020-05-14,Eastside,1183.0,29.0,30.43,286222.0,10.63160763323574
238,2020-05-15,Eastside,1210.0,27.0,29.29,286222.0,10.2333153985368
239,2020-05-16,Eastside,1253.0,43.0,29.29,286222.0,10.2333153985368
240,2020-05-17,Eastside,1274.0,21.0,30.14,286222.0,10.530287678794782
241,2020-05-18,Eastside,1285.0,11.0,28.71,286222.0,10.030675489654882
242,2020-03-18,Harbor,2.0,0.0,,877567.0,
243,2020-03-19,Harbor,14.0,12.0,,877567.0,
244,2020-03-20,Harbor,17.0,3.0,,877567.0,
245,2020-03-21,Harbor,18.0,1.0,,877567.0,
246,2020-03-22,Harbor,22.0,4.0,,877567.0,
247,2020-03-23,Harbor,29.0,7.0,,877567.0,
248,2020-03-24,Harbor,39.0,10.0,5.29,877567.0,0.6028029768667236
249,2020-03-25,Harbor,51.0,12.0,7.0,877567.0,0.7976598937744924
250,2020-03-26,Harbor,83.0,32.0,9.86,877567.0,1.1235609360880707
251,2020-03-27,Harbor,101.0,18.0,12.0,877567.0,1.3674169607562727
252,2020-03-28,Harbor,139.0,38.0,17.29,877567.0,1.9702199376229963
253,2020-03-29,Harbor,161.0,22.0,19.86,877567.0,2.2630750700516313
254,2020-03-30,Harbor,186.0,25.0,22.43,877567.0,2.5559302024802664
255,2020-03-31,Harbor,219.0,33.0,25.71,877567.0,2.9296908384203144
256,2020-04-01,Harbor,249.0,30.0,28.29,877567.0,3.223685484982913
257,2020-04-02,Harbor,277.0,28.0,27.71,877567.0,3.1575936652130268
258,2020-04-03,Harbor,324.0,47.0,31.86,877567.0,3.630492030807904
259,2020-04-04,Harbor,363.0,39.0,32.0,877567.0,3.646445228683394
260,2020-04-05,Harbor,412.0,49.0,35.86,877567.0,4.086297684393329
261,2020-04-06,Harbor,450.0,38.0,37.71,877567.0,4.297107799176588
262,2020-04-07,Harbor,479.0,29.0,37.14,877567.0,4.232155493540664
263,2020-04-08,Harbor,525.0,46.0,39.43,877567.0,4.49310423021832
264,2020-04-09,Harbor,571.0,46.0,42.0,877567.0,4.785959362646954
265,2020-04-10,Harbor,609.0,38.0,40.71,877567.0,4.638962039365656
266,2020-04-11,Harbor,638.0,29.0,39.29,877567.0,4.47715103234283
267,2020-04-12,Harbor,665.0,27.0,36.14,877567.0,4.1182040801443085
268,2020-04-13,Harbor,679.0,14.0,32.71,877567.0,3.727350732194807
269,2020-04-14,Harbor,708.0,29.0,32.71,877567.0,3.727350732194807
270,2020-04-15,Harbor,740.0,32.0,30.71,877567.0,3.4994479054020946
271,2020-04-16,Harbor,768.0,28.0,28.14,877567.0,3.2065927729734596
272,2020-04-17,Harbor,817.0,49.0,29.71,877567.0,3.3854964920057387
273,2020-04-18,Harbor,859.0,42.0,31.57,877567.0,3.597446120922961
274,2020-04-19,Harbor,894.0,35.0,32.71,877567.0,3.727350732194807
275,2020-04-20,Harbor,948.0,54.0,38.43,877567.0,4.379152816821963
276,2020-04-21,Harbor,1004.0,56.0,42.29,877567.0,4.819005272531898
277,2020-04-22,Harbor,1063.0,59.0,46.14,877567.0,5.257718214107869
278,2020-04-23,Harbor,1116.0,53.0,49.71,877567.0,5.66452475993286
279,2020-04-24,Harbor,1159.0,43.0,48.86,877567.0,5.567666058545957
280,2020-04-25,Harbor,1216.0,57.0,51.0,877567.0,5.811522083214159
281,2020-04-26,Harbor,1258.0,42.0,52.0,877567.0,5.925473496610516
282,2020-04-27,Harbor,1301.0,43.0,50.43,877567.0,5.7465697775782365
283,2020-04-28,Harbor,1344.0,43.0,48.57,877567.0,5.534620148661014
284,2020-04-29,Harbor,1476.0,132.0,59.0,877567.0,6.723133390385008
285,2020-04-30,Harbor,1689.0,213.0,81.86,877567.0,9.328062700625708
286,2020-05-01,Harbor,1836.0,147.0,96.71,877567.0,11.020241189561593
287,2020-05-03,Harbor,2005.0,169.0,112.71,877567.0,12.84346380390329
288,2020-05-04,Harbor,2038.0,33.0,111.43,877567.0,12.697605994755957
289,2020-05-05,Harbor,2086.0,48.0,112.14,877567.0,12.778511498267369
290,2020-05-06,Harbor,2141.0,55.0,113.86,877567.0,12.974507929309102
291,2020-05-07,Harbor,2167.0,26.0,98.71,877567.0,11.248144016354306
292,2020-05-08,Harbor,2265.0,98.0,82.29,877567.0,9.377061808386141
293,2020-05-09,Harbor,2343.0,78.0,72.43,877567.0,8.253500872298071
294,2020-05-10,Harbor,2416.0,73.0,58.71,877567.0,6.690087480500065
295,2020-05-11,Harbor,2475.0,59.0,62.43,877567.0,7.113986738334509
296,2020-05-12,Harbor,2530.0,55.0,63.43,877567.0,7.227938151730865
297,2020-05-13,Harbor,2602.0,72.0,65.86,877567.0,7.50484008628401
298,2020-05-14,Harbor,2745.0,143.0,82.57,877567.0,9.40896820413712
299,2020-05-15,Harbor,2842.0,97.0,82.43,877567.0,9.393015006261631
300,2020-05-16,Harbor,2925.0,83.0,83.14,877567.0,9.473920509773043
301,2020-05-17,Harbor,3013.0,88.0,85.29,877567.0,9.71891604857521
302,2020-05-18,Harbor,3050.0,37.0,82.14,877567.0,9.359969096376688
303,2020-03-18,Northeast L.A.,1.0,0.0,,167674.0,
304,2020-03-19,Northeast L.A.,1.0,0.0,,167674.0,
305,2020-03-20,Northeast L.A.,1.0,0.0,,167674.0,
306,2020-03-21,Northeast L.A.,1.0,0.0,,167674.0,
307,2020-03-22,Northeast L.A.,1.0,0.0,,167674.0,
308,2020-03-23,Northeast L.A.,2.0,1.0,,167674.0,
309,2020-03-24,Northeast L.A.,4.0,2.0,0.43,167674.0,0.2564500161026754
310,2020-03-25,Northeast L.A.,7.0,3.0,0.86,167674.0,0.5129000322053509
311,2020-03-26,Northeast L.A.,11.0,4.0,1.43,167674.0,0.8528454023879671
312,2020-03-27,Northeast L.A.,13.0,2.0,1.71,167674.0,1.0198361105478488
313,2020-03-28,Northeast L.A.,21.0,8.0,2.86,167674.0,1.7056908047759343
314,2020-03-29,Northeast L.A.,23.0,2.0,3.14,167674.0,1.872681512935816
315,2020-03-30,Northeast L.A.,25.0,2.0,3.29,167674.0,1.9621408208786097
316,2020-03-31,Northeast L.A.,30.0,5.0,3.71,167674.0,2.2126268831184324
317,2020-04-01,Northeast L.A.,36.0,6.0,4.14,167674.0,2.4690768992211076
318,2020-04-02,Northeast L.A.,41.0,5.0,4.29,167674.0,2.5585362071639017
319,2020-04-03,Northeast L.A.,53.0,12.0,5.71,167674.0,3.405417655689016
320,2020-04-04,Northeast L.A.,69.0,16.0,6.86,167674.0,4.0912723499171015
321,2020-04-05,Northeast L.A.,84.0,15.0,8.71,167674.0,5.194603814544892
322,2020-04-06,Northeast L.A.,92.0,8.0,9.57,167674.0,5.707503846750242
323,2020-04-07,Northeast L.A.,104.0,12.0,10.57,167674.0,6.3038992330355335
324,2020-04-08,Northeast L.A.,117.0,13.0,11.57,167674.0,6.900294619320825
325,2020-04-09,Northeast L.A.,130.0,13.0,12.71,167674.0,7.580185359686058
326,2020-04-10,Northeast L.A.,133.0,3.0,11.43,167674.0,6.816799265240884
327,2020-04-11,Northeast L.A.,140.0,7.0,10.14,167674.0,6.047449216932859
328,2020-04-12,Northeast L.A.,144.0,4.0,8.57,167674.0,5.11110846046495
329,2020-04-13,Northeast L.A.,150.0,6.0,8.29,167674.0,4.944117752305068
330,2020-04-14,Northeast L.A.,170.0,20.0,9.43,167674.0,5.624008492670301
331,2020-04-15,Northeast L.A.,177.0,7.0,8.57,167674.0,5.11110846046495
332,2020-04-16,Northeast L.A.,181.0,4.0,7.29,167674.0,4.347722366019776
333,2020-04-17,Northeast L.A.,189.0,8.0,8.0,167674.0,4.771163090282334
334,2020-04-18,Northeast L.A.,198.0,9.0,8.29,167674.0,4.944117752305068
335,2020-04-19,Northeast L.A.,199.0,1.0,7.86,167674.0,4.6876677362023935
336,2020-04-20,Northeast L.A.,227.0,28.0,11.0,167674.0,6.560349249138209
337,2020-04-21,Northeast L.A.,244.0,17.0,10.57,167674.0,6.3038992330355335
338,2020-04-22,Northeast L.A.,269.0,25.0,13.14,167674.0,7.836635375788734
339,2020-04-23,Northeast L.A.,276.0,7.0,13.57,167674.0,8.093085391891409
340,2020-04-24,Northeast L.A.,287.0,11.0,14.0,167674.0,8.349535407994084
341,2020-04-25,Northeast L.A.,295.0,8.0,13.86,167674.0,8.266040053914143
342,2020-04-26,Northeast L.A.,302.0,7.0,14.71,167674.0,8.772976132256641
343,2020-04-27,Northeast L.A.,311.0,9.0,12.0,167674.0,7.156744635423501
344,2020-04-28,Northeast L.A.,320.0,9.0,10.86,167674.0,6.476853895058268
345,2020-04-29,Northeast L.A.,336.0,16.0,9.57,167674.0,5.707503846750242
346,2020-04-30,Northeast L.A.,340.0,4.0,9.14,167674.0,5.451053830647567
347,2020-05-01,Northeast L.A.,375.0,35.0,12.57,167674.0,7.496690005606117
348,2020-05-03,Northeast L.A.,384.0,9.0,12.71,167674.0,7.580185359686058
349,2020-05-04,Northeast L.A.,388.0,4.0,12.29,167674.0,7.3296992974462345
350,2020-05-05,Northeast L.A.,409.0,21.0,14.0,167674.0,8.349535407994084
351,2020-05-06,Northeast L.A.,421.0,12.0,14.43,167674.0,8.60598542409676
352,2020-05-07,Northeast L.A.,430.0,9.0,13.43,167674.0,8.009590037811467
353,2020-05-08,Northeast L.A.,440.0,10.0,14.29,167674.0,8.522490070016818
354,2020-05-09,Northeast L.A.,458.0,18.0,11.86,167674.0,7.07324928134356
355,2020-05-10,Northeast L.A.,465.0,7.0,11.57,167674.0,6.900294619320825
356,2020-05-11,Northeast L.A.,470.0,5.0,11.71,167674.0,6.983789973400767
357,2020-05-12,Northeast L.A.,493.0,23.0,12.0,167674.0,7.156744635423501
358,2020-05-13,Northeast L.A.,515.0,22.0,13.43,167674.0,8.009590037811467
359,2020-05-14,Northeast L.A.,524.0,9.0,13.43,167674.0,8.009590037811467
360,2020-05-15,Northeast L.A.,528.0,4.0,12.57,167674.0,7.496690005606117
361,2020-05-16,Northeast L.A.,539.0,11.0,11.57,167674.0,6.900294619320825
362,2020-05-17,Northeast L.A.,546.0,7.0,11.57,167674.0,6.900294619320825
363,2020-05-18,Northeast L.A.,550.0,4.0,11.43,167674.0,6.816799265240884
364,2020-03-18,Northwest County,2.0,0.0,,205279.0,
365,2020-03-19,Northwest County,5.0,3.0,,205279.0,
366,2020-03-20,Northwest County,6.0,1.0,,205279.0,
367,2020-03-21,Northwest County,6.0,0.0,,205279.0,
368,2020-03-22,Northwest County,6.0,0.0,,205279.0,
369,2020-03-23,Northwest County,10.0,4.0,,205279.0,
370,2020-03-24,Northwest County,12.0,2.0,1.43,205279.0,0.6966129024400938
371,2020-03-25,Northwest County,15.0,3.0,1.86,205279.0,0.9060839150619402
372,2020-03-26,Northwest County,22.0,7.0,2.43,205279.0,1.1837547922583411
373,2020-03-27,Northwest County,27.0,5.0,3.0,205279.0,1.461425669454742
374,2020-03-28,Northwest County,36.0,9.0,4.29,205279.0,2.0898387073202813
375,2020-03-29,Northwest County,42.0,6.0,5.14,205279.0,2.5039093136657913
376,2020-03-30,Northwest County,44.0,2.0,4.86,205279.0,2.3675095845166823
377,2020-03-31,Northwest County,51.0,7.0,5.57,205279.0,2.713380326287638
378,2020-04-01,Northwest County,53.0,2.0,5.43,205279.0,2.645180461713083
379,2020-04-02,Northwest County,74.0,21.0,7.43,205279.0,3.619464241349578
380,2020-04-03,Northwest County,93.0,19.0,9.43,205279.0,4.593748020986073
381,2020-04-04,Northwest County,108.0,15.0,10.29,205279.0,5.012690046229765
382,2020-04-05,Northwest County,122.0,14.0,11.43,205279.0,5.568031800622568
383,2020-04-06,Northwest County,128.0,6.0,12.0,205279.0,5.845702677818968
384,2020-04-07,Northwest County,135.0,7.0,12.0,205279.0,5.845702677818968
385,2020-04-08,Northwest County,149.0,14.0,13.71,205279.0,6.678715309408172
386,2020-04-09,Northwest County,155.0,6.0,11.57,205279.0,5.636231665197123
387,2020-04-10,Northwest County,161.0,6.0,9.71,205279.0,4.730147750135183
388,2020-04-11,Northwest County,168.0,7.0,8.57,205279.0,4.17480599574238
389,2020-04-12,Northwest County,177.0,9.0,7.86,205279.0,3.8289352539714248
390,2020-04-13,Northwest County,184.0,7.0,8.0,205279.0,3.8971351185459793
391,2020-04-14,Northwest County,191.0,7.0,8.0,205279.0,3.8971351185459793
392,2020-04-15,Northwest County,200.0,9.0,7.29,205279.0,3.5512643767750234
393,2020-04-16,Northwest County,213.0,13.0,8.29,205279.0,4.03840626659327
394,2020-04-17,Northwest County,224.0,11.0,9.0,205279.0,4.384277008364227
395,2020-04-18,Northwest County,234.0,10.0,9.43,205279.0,4.593748020986073
396,2020-04-19,Northwest County,239.0,5.0,8.86,205279.0,4.316077143789672
397,2020-04-20,Northwest County,262.0,23.0,11.14,205279.0,5.426760652575276
398,2020-04-21,Northwest County,292.0,30.0,14.43,205279.0,7.029457470077309
399,2020-04-22,Northwest County,326.0,34.0,18.0,205279.0,8.768554016728453
400,2020-04-23,Northwest County,336.0,10.0,17.57,205279.0,8.559083004106606
401,2020-04-24,Northwest County,351.0,15.0,18.14,205279.0,8.836753881303007
402,2020-04-25,Northwest County,359.0,8.0,17.86,205279.0,8.700354152153897
403,2020-04-26,Northwest County,361.0,2.0,17.43,205279.0,8.490883139532052
404,2020-04-27,Northwest County,381.0,20.0,17.0,205279.0,8.281412126910206
405,2020-04-28,Northwest County,387.0,6.0,13.57,205279.0,6.610515444833617
406,2020-04-29,Northwest County,415.0,28.0,12.71,205279.0,6.191573419589925
407,2020-04-30,Northwest County,421.0,6.0,12.14,205279.0,5.913902542393523
408,2020-05-01,Northwest County,440.0,19.0,12.71,205279.0,6.191573419589925
409,2020-05-03,Northwest County,467.0,27.0,15.43,205279.0,7.516599359895557
410,2020-05-04,Northwest County,471.0,4.0,15.71,205279.0,7.652999089044667
411,2020-05-05,Northwest County,504.0,33.0,17.57,205279.0,8.559083004106606
412,2020-05-06,Northwest County,518.0,14.0,18.71,205279.0,9.114424758499409
413,2020-05-07,Northwest County,534.0,16.0,17.0,205279.0,8.281412126910206
414,2020-05-08,Northwest County,675.0,141.0,36.29,205279.0,17.678379181504198
415,2020-05-09,Northwest County,698.0,23.0,36.86,205279.0,17.956050058700598
416,2020-05-10,Northwest County,707.0,9.0,34.29,205279.0,16.704095401867704
417,2020-05-11,Northwest County,719.0,12.0,35.43,205279.0,17.259437156260503
418,2020-05-12,Northwest County,768.0,49.0,37.71,205279.0,18.37012066504611
419,2020-05-13,Northwest County,815.0,47.0,42.43,205279.0,20.669430384988235
420,2020-05-14,Northwest County,859.0,44.0,46.43,205279.0,22.617997944261226
421,2020-05-15,Northwest County,882.0,23.0,29.57,205279.0,14.404785681925576
422,2020-05-16,Northwest County,903.0,21.0,29.29,205279.0,14.268385952776466
423,2020-05-17,Northwest County,916.0,13.0,29.86,205279.0,14.546056829972867
424,2020-05-18,Northwest County,920.0,4.0,28.71,205279.0,13.985843656681883
425,2020-03-21,Pomona Valley,1.0,0.0,,218783.0,
426,2020-03-22,Pomona Valley,2.0,1.0,,218783.0,
427,2020-03-23,Pomona Valley,2.0,0.0,,218783.0,
428,2020-03-24,Pomona Valley,3.0,1.0,,218783.0,
429,2020-03-25,Pomona Valley,4.0,1.0,,218783.0,
430,2020-03-26,Pomona Valley,6.0,2.0,,218783.0,
431,2020-03-27,Pomona Valley,6.0,0.0,0.71,218783.0,0.3245224720385039
432,2020-03-28,Pomona Valley,6.0,0.0,0.71,218783.0,0.3245224720385039
433,2020-03-29,Pomona Valley,6.0,0.0,0.57,218783.0,0.26053212543936227
434,2020-03-30,Pomona Valley,8.0,2.0,0.86,218783.0,0.39308355768044134
435,2020-03-31,Pomona Valley,14.0,6.0,1.57,218783.0,0.7176060297189453
436,2020-04-01,Pomona Valley,18.0,4.0,2.0,218783.0,0.914147808559166
437,2020-04-02,Pomona Valley,20.0,2.0,2.0,218783.0,0.914147808559166
438,2020-04-03,Pomona Valley,28.0,8.0,3.14,218783.0,1.4352120594378905
439,2020-04-04,Pomona Valley,31.0,3.0,3.57,218783.0,1.6317538382781112
440,2020-04-05,Pomona Valley,36.0,5.0,4.29,218783.0,1.960847049359411
441,2020-04-06,Pomona Valley,43.0,7.0,5.0,218783.0,2.285369521397915
442,2020-04-07,Pomona Valley,48.0,5.0,4.86,218783.0,2.2213791747987734
443,2020-04-08,Pomona Valley,55.0,7.0,5.29,218783.0,2.417920953638994
444,2020-04-09,Pomona Valley,61.0,6.0,5.86,218783.0,2.6784530790783565
445,2020-04-10,Pomona Valley,63.0,2.0,5.0,218783.0,2.285369521397915
446,2020-04-11,Pomona Valley,65.0,2.0,4.86,218783.0,2.2213791747987734
447,2020-04-12,Pomona Valley,68.0,3.0,4.57,218783.0,2.088827742557694
448,2020-04-13,Pomona Valley,70.0,2.0,3.86,218783.0,1.7643052705191902
449,2020-04-14,Pomona Valley,78.0,8.0,4.29,218783.0,1.960847049359411
450,2020-04-15,Pomona Valley,80.0,2.0,3.57,218783.0,1.6317538382781112
451,2020-04-16,Pomona Valley,85.0,5.0,3.43,218783.0,1.5677634916789698
452,2020-04-17,Pomona Valley,93.0,8.0,4.29,218783.0,1.960847049359411
453,2020-04-18,Pomona Valley,97.0,4.0,4.57,218783.0,2.088827742557694
454,2020-04-19,Pomona Valley,98.0,1.0,4.29,218783.0,1.960847049359411
455,2020-04-20,Pomona Valley,110.0,12.0,5.71,218783.0,2.6098919934364186
456,2020-04-21,Pomona Valley,129.0,19.0,7.29,218783.0,3.3320687621981597
457,2020-04-22,Pomona Valley,145.0,16.0,9.29,218783.0,4.246216570757325
458,2020-04-23,Pomona Valley,157.0,12.0,10.29,218783.0,4.7032904750369084
459,2020-04-24,Pomona Valley,164.0,7.0,10.14,218783.0,4.6347293893949715
460,2020-04-25,Pomona Valley,170.0,6.0,10.43,218783.0,4.76728082163605
461,2020-04-26,Pomona Valley,171.0,1.0,10.43,218783.0,4.76728082163605
462,2020-04-27,Pomona Valley,188.0,17.0,11.14,218783.0,5.0918032936745545
463,2020-04-28,Pomona Valley,190.0,2.0,8.71,218783.0,3.9811137062751683
464,2020-04-29,Pomona Valley,210.0,20.0,9.29,218783.0,4.246216570757325
465,2020-04-30,Pomona Valley,212.0,2.0,7.86,218783.0,3.592600887637522
466,2020-05-01,Pomona Valley,218.0,6.0,7.71,218783.0,3.5240398019955848
467,2020-05-03,Pomona Valley,235.0,17.0,9.29,218783.0,4.246216570757325
468,2020-05-04,Pomona Valley,240.0,5.0,9.86,218783.0,4.506748696196688
469,2020-05-05,Pomona Valley,259.0,19.0,10.14,218783.0,4.6347293893949715
470,2020-05-06,Pomona Valley,268.0,9.0,11.14,218783.0,5.0918032936745545
471,2020-05-07,Pomona Valley,280.0,12.0,10.0,218783.0,4.57073904279583
472,2020-05-08,Pomona Valley,288.0,8.0,10.86,218783.0,4.963822600476271
473,2020-05-09,Pomona Valley,305.0,17.0,12.43,218783.0,5.681428630195216
474,2020-05-10,Pomona Valley,311.0,6.0,10.86,218783.0,4.963822600476271
475,2020-05-11,Pomona Valley,319.0,8.0,11.29,218783.0,5.1603643793164915
476,2020-05-12,Pomona Valley,326.0,7.0,9.57,218783.0,4.374197263955609
477,2020-05-13,Pomona Valley,336.0,10.0,9.71,218783.0,4.438187610554751
478,2020-05-14,Pomona Valley,341.0,5.0,8.71,218783.0,3.9811137062751683
479,2020-05-15,Pomona Valley,344.0,3.0,8.0,218783.0,3.656591234236664
480,2020-05-16,Pomona Valley,355.0,11.0,7.14,218783.0,3.2635076765562223
481,2020-05-17,Pomona Valley,357.0,2.0,6.57,218783.0,3.0029755511168603
482,2020-05-18,Pomona Valley,364.0,7.0,6.43,218783.0,2.9389852045177185
483,2020-03-18,San Fernando Valley,29.0,0.0,,1435854.0,
484,2020-03-19,San Fernando Valley,38.0,9.0,,1435854.0,
485,2020-03-20,San Fernando Valley,51.0,13.0,,1435854.0,
486,2020-03-21,San Fernando Valley,64.0,13.0,,1435854.0,
487,2020-03-22,San Fernando Valley,66.0,2.0,,1435854.0,
488,2020-03-23,San Fernando Valley,84.0,18.0,,1435854.0,
489,2020-03-24,San Fernando Valley,97.0,13.0,9.71,1435854.0,0.6762525994982778
490,2020-03-25,San Fernando Valley,114.0,17.0,12.14,1435854.0,0.8454898617826047
491,2020-03-26,San Fernando Valley,164.0,50.0,18.0,1435854.0,1.2536093502542738
492,2020-03-27,San Fernando Valley,184.0,20.0,19.0,1435854.0,1.323254314157289
493,2020-03-28,San Fernando Valley,248.0,64.0,26.29,1435854.0,1.8309661010102698
494,2020-03-29,San Fernando Valley,297.0,49.0,33.0,1435854.0,2.298283808799502
495,2020-03-30,San Fernando Valley,341.0,44.0,36.71,1435854.0,2.5566666248796883
496,2020-03-31,San Fernando Valley,402.0,61.0,43.57,1435854.0,3.0344310772543728
497,2020-04-01,San Fernando Valley,479.0,77.0,52.14,1435854.0,3.631288417903213
498,2020-04-02,San Fernando Valley,556.0,77.0,56.0,1435854.0,3.900117978568852
499,2020-04-03,San Fernando Valley,646.0,90.0,66.0,1435854.0,4.596567617599004
500,2020-04-04,San Fernando Valley,786.0,140.0,76.86,1435854.0,5.352911925585749
501,2020-04-05,San Fernando Valley,885.0,99.0,84.0,1435854.0,5.850176967853278
502,2020-04-06,San Fernando Valley,959.0,74.0,88.29,1435854.0,6.148953862997214
503,2020-04-07,San Fernando Valley,1064.0,105.0,94.57,1435854.0,6.5863242363081484
504,2020-04-08,San Fernando Valley,1148.0,84.0,95.57,1435854.0,6.655969200211163
505,2020-04-09,San Fernando Valley,1221.0,73.0,95.0,1435854.0,6.616271570786445
506,2020-04-10,San Fernando Valley,1288.0,67.0,91.71,1435854.0,6.387139639545524
507,2020-04-11,San Fernando Valley,1364.0,76.0,82.57,1435854.0,5.750584669471966
508,2020-04-12,San Fernando Valley,1417.0,53.0,76.0,1435854.0,5.293017256629156
509,2020-04-13,San Fernando Valley,1463.0,46.0,72.0,1435854.0,5.014437401017095
510,2020-04-14,San Fernando Valley,1557.0,94.0,70.43,1435854.0,4.905094807689362
511,2020-04-15,San Fernando Valley,1648.0,91.0,71.43,1435854.0,4.974739771592377
512,2020-04-16,San Fernando Valley,1706.0,58.0,69.29,1435854.0,4.825699548839925
513,2020-04-17,San Fernando Valley,1799.0,93.0,73.0,1435854.0,5.084082364920111
514,2020-04-18,San Fernando Valley,1911.0,112.0,78.14,1435854.0,5.442057479381608
515,2020-04-19,San Fernando Valley,1947.0,36.0,75.71,1435854.0,5.272820217097281
516,2020-04-20,San Fernando Valley,2188.0,241.0,103.57,1435854.0,7.213128911435285
517,2020-04-21,San Fernando Valley,2501.0,313.0,134.86,1435854.0,9.392319831960632
518,2020-04-22,San Fernando Valley,2790.0,289.0,163.14,1435854.0,11.3618794111379
519,2020-04-23,San Fernando Valley,2991.0,201.0,183.57,1435854.0,12.784726023676502
520,2020-04-24,San Fernando Valley,3175.0,184.0,196.57,1435854.0,13.6901105544157
521,2020-04-25,San Fernando Valley,3271.0,96.0,194.29,1435854.0,13.531320036716824
522,2020-04-26,San Fernando Valley,3355.0,84.0,201.14,1435854.0,14.008388039452479
523,2020-04-27,San Fernando Valley,3588.0,233.0,200.0,1435854.0,13.928992780603043
524,2020-04-28,San Fernando Valley,3693.0,105.0,170.29,1435854.0,11.859840903044459
525,2020-04-29,San Fernando Valley,3982.0,289.0,170.29,1435854.0,11.859840903044459
526,2020-04-30,San Fernando Valley,4093.0,111.0,157.43,1435854.0,10.964206667251686
527,2020-05-01,San Fernando Valley,4357.0,264.0,168.86,1435854.0,11.760248604663149
528,2020-05-03,San Fernando Valley,4662.0,305.0,198.71,1435854.0,13.839150777168154
529,2020-05-04,San Fernando Valley,4771.0,109.0,202.29,1435854.0,14.088479747940946
530,2020-05-05,San Fernando Valley,5249.0,478.0,237.29,1435854.0,16.52605348454648
531,2020-05-06,San Fernando Valley,5387.0,138.0,242.0,1435854.0,16.854081264529682
532,2020-05-07,San Fernando Valley,5543.0,156.0,223.0,1435854.0,15.530826950372392
533,2020-05-08,San Fernando Valley,5658.0,115.0,223.57,1435854.0,15.57052457979711
534,2020-05-09,San Fernando Valley,5845.0,187.0,212.57,1435854.0,14.804429976863943
535,2020-05-10,San Fernando Valley,5900.0,55.0,176.86,1435854.0,12.31740831588727
536,2020-05-11,San Fernando Valley,6058.0,158.0,183.86,1435854.0,12.804923063208378
537,2020-05-12,San Fernando Valley,6234.0,176.0,140.71,1435854.0,9.79974287079327
538,2020-05-13,San Fernando Valley,6428.0,194.0,148.71,1435854.0,10.356902582017392
539,2020-05-14,San Fernando Valley,6632.0,204.0,155.57,1435854.0,10.834667034392076
540,2020-05-15,San Fernando Valley,6816.0,184.0,165.43,1435854.0,11.521366378475808
541,2020-05-16,San Fernando Valley,7014.0,198.0,167.0,1435854.0,11.630708971803541
542,2020-05-17,San Fernando Valley,7139.0,125.0,177.0,1435854.0,12.327158610833692
543,2020-05-18,San Fernando Valley,7250.0,111.0,170.29,1435854.0,11.859840903044459
544,2020-03-18,San Gabriel Valley,10.0,0.0,,1433429.0,
545,2020-03-19,San Gabriel Valley,15.0,5.0,,1433429.0,
546,2020-03-20,San Gabriel Valley,19.0,4.0,,1433429.0,
547,2020-03-21,San Gabriel Valley,20.0,1.0,,1433429.0,
548,2020-03-22,San Gabriel Valley,23.0,3.0,,1433429.0,
549,2020-03-23,San Gabriel Valley,27.0,4.0,,1433429.0,
550,2020-03-24,San Gabriel Valley,34.0,7.0,3.43,1433429.0,0.23928635460842498
551,2020-03-25,San Gabriel Valley,43.0,9.0,4.71,1433429.0,0.3285827201765836
552,2020-03-26,San Gabriel Valley,65.0,22.0,7.14,1433429.0,0.49810628918488464
553,2020-03-27,San Gabriel Valley,58.0,-7.0,5.57,1433429.0,0.38857871579269015
554,2020-03-28,San Gabriel Valley,73.0,15.0,7.57,1433429.0,0.528104286992938
555,2020-03-29,San Gabriel Valley,93.0,20.0,10.0,1433429.0,0.697627856001239
556,2020-03-30,San Gabriel Valley,98.0,5.0,10.14,1433429.0,0.7073946459852564
557,2020-03-31,San Gabriel Valley,122.0,24.0,12.57,1433429.0,0.8769182149935575
558,2020-04-01,San Gabriel Valley,159.0,37.0,16.57,1433429.0,1.155969357394053
559,2020-04-02,San Gabriel Valley,186.0,27.0,17.29,1433429.0,1.2061985630261423
560,2020-04-03,San Gabriel Valley,211.0,25.0,21.86,1433429.0,1.5250144932187084
561,2020-04-04,San Gabriel Valley,261.0,50.0,26.86,1433429.0,1.873828421219328
562,2020-04-05,San Gabriel Valley,313.0,52.0,31.43,1433429.0,2.1926443514118943
563,2020-04-06,San Gabriel Valley,365.0,52.0,38.14,1433429.0,2.660752642788726
564,2020-04-07,San Gabriel Valley,400.0,35.0,39.71,1433429.0,2.7702802161809204
565,2020-04-08,San Gabriel Valley,419.0,19.0,37.14,1433429.0,2.590989857188602
566,2020-04-09,San Gabriel Valley,470.0,51.0,40.57,1433429.0,2.8302762117970266
567,2020-04-10,San Gabriel Valley,518.0,48.0,43.86,1433429.0,3.0597957764214345
568,2020-04-11,San Gabriel Valley,572.0,54.0,44.43,1433429.0,3.099560564213505
569,2020-04-12,San Gabriel Valley,594.0,22.0,40.14,1433429.0,2.8002782139889733
570,2020-04-13,San Gabriel Valley,615.0,21.0,35.71,1433429.0,2.4912290737804246
571,2020-04-14,San Gabriel Valley,657.0,42.0,36.71,1433429.0,2.5609918593805485
572,2020-04-15,San Gabriel Valley,692.0,35.0,39.0,1433429.0,2.720748638404832
573,2020-04-16,San Gabriel Valley,718.0,26.0,35.43,1433429.0,2.4716954938123896
574,2020-04-17,San Gabriel Valley,772.0,54.0,36.29,1433429.0,2.5316914894284963
575,2020-04-18,San Gabriel Valley,816.0,44.0,34.86,1433429.0,2.431930706020319
576,2020-04-19,San Gabriel Valley,843.0,27.0,35.57,1433429.0,2.4814622837964073
577,2020-04-20,San Gabriel Valley,911.0,68.0,42.29,1433429.0,2.95026820302924
578,2020-04-21,San Gabriel Valley,1033.0,122.0,53.71,1433429.0,3.7469592145826547
579,2020-04-22,San Gabriel Valley,1169.0,136.0,68.14,1433429.0,4.753636210792442
580,2020-04-23,San Gabriel Valley,1265.0,96.0,78.14,1433429.0,5.451264066793682
581,2020-04-24,San Gabriel Valley,1341.0,76.0,81.29,1433429.0,5.6710168414340725
582,2020-04-25,San Gabriel Valley,1404.0,63.0,84.0,1433429.0,5.860073990410408
583,2020-04-26,San Gabriel Valley,1438.0,34.0,85.0,1433429.0,5.929836776010531
584,2020-04-27,San Gabriel Valley,1500.0,62.0,84.14,1433429.0,5.8698407803944255
585,2020-04-28,San Gabriel Valley,1564.0,64.0,75.86,1433429.0,5.292204915625399
586,2020-04-29,San Gabriel Valley,1652.0,88.0,69.0,1433429.0,4.813632206408549
587,2020-04-30,San Gabriel Valley,1705.0,53.0,62.86,1433429.0,4.385288702823789
588,2020-05-01,San Gabriel Valley,1769.0,64.0,61.14,1433429.0,4.265296711591575
589,2020-05-03,San Gabriel Valley,1886.0,117.0,68.86,1433429.0,4.803865416424532
590,2020-05-04,San Gabriel Valley,1930.0,44.0,70.29,1433429.0,4.9036261998327095
591,2020-05-05,San Gabriel Valley,2045.0,115.0,77.86,1433429.0,5.431730486825647
592,2020-05-06,San Gabriel Valley,2122.0,77.0,79.71,1433429.0,5.560791640185876
593,2020-05-07,San Gabriel Valley,2227.0,105.0,82.14,1433429.0,5.730315209194178
594,2020-05-08,San Gabriel Valley,2288.0,61.0,83.29,1433429.0,5.81054241263432
595,2020-05-09,San Gabriel Valley,2390.0,102.0,88.71,1433429.0,6.188656710586991
596,2020-05-10,San Gabriel Valley,2434.0,44.0,78.29,1433429.0,5.461728484633701
597,2020-05-11,San Gabriel Valley,2508.0,74.0,82.57,1433429.0,5.7603132070022305
598,2020-05-12,San Gabriel Valley,2631.0,123.0,83.71,1433429.0,5.839842782586372
599,2020-05-13,San Gabriel Valley,2784.0,153.0,94.57,1433429.0,6.597466634203717
600,2020-05-14,San Gabriel Valley,2865.0,81.0,91.14,1433429.0,6.358180279595293
601,2020-05-15,San Gabriel Valley,2935.0,70.0,92.43,1433429.0,6.448174273019453
602,2020-05-16,San Gabriel Valley,3031.0,96.0,91.57,1433429.0,6.3881782774033455
603,2020-05-17,San Gabriel Valley,3079.0,48.0,92.14,1433429.0,6.427943065195416
604,2020-05-18,San Gabriel Valley,3110.0,31.0,86.0,1433429.0,5.999599561610656
605,2020-03-19,Santa Monica Mountains,1.0,0.0,,82860.0,
606,2020-03-20,Santa Monica Mountains,1.0,0.0,,82860.0,
607,2020-03-21,Santa Monica Mountains,2.0,1.0,,82860.0,
608,2020-03-22,Santa Monica Mountains,3.0,1.0,,82860.0,
609,2020-03-23,Santa Monica Mountains,5.0,2.0,,82860.0,
610,2020-03-24,Santa Monica Mountains,8.0,3.0,,82860.0,
611,2020-03-25,Santa Monica Mountains,8.0,0.0,1.0,82860.0,1.2068549360366885
612,2020-03-26,Santa Monica Mountains,11.0,3.0,1.43,82860.0,1.7258025585324643
613,2020-03-27,Santa Monica Mountains,14.0,3.0,1.86,82860.0,2.2447501810282406
614,2020-03-28,Santa Monica Mountains,21.0,7.0,2.71,82860.0,3.2705768766594256
615,2020-03-29,Santa Monica Mountains,24.0,3.0,3.0,82860.0,3.620564808110065
616,2020-03-30,Santa Monica Mountains,27.0,3.0,3.14,82860.0,3.7895244991552017
617,2020-03-31,Santa Monica Mountains,34.0,7.0,3.71,82860.0,4.477431812696114
618,2020-04-01,Santa Monica Mountains,36.0,2.0,4.0,82860.0,4.827419744146754
619,2020-04-02,Santa Monica Mountains,52.0,16.0,5.86,82860.0,7.072169925174994
620,2020-04-03,Santa Monica Mountains,62.0,10.0,6.86,82860.0,8.279024861211683
621,2020-04-04,Santa Monica Mountains,68.0,6.0,6.71,82860.0,8.097996620806178
622,2020-04-05,Santa Monica Mountains,77.0,9.0,7.57,82860.0,9.135891865797731
623,2020-04-06,Santa Monica Mountains,81.0,4.0,7.71,82860.0,9.304851556842868
624,2020-04-07,Santa Monica Mountains,85.0,4.0,7.29,82860.0,8.797972483707458
625,2020-04-08,Santa Monica Mountains,94.0,9.0,8.29,82860.0,10.004827419744146
626,2020-04-09,Santa Monica Mountains,100.0,6.0,6.86,82860.0,8.279024861211683
627,2020-04-10,Santa Monica Mountains,111.0,11.0,7.0,82860.0,8.447984552256818
628,2020-04-11,Santa Monica Mountains,119.0,8.0,7.29,82860.0,8.797972483707458
629,2020-04-12,Santa Monica Mountains,121.0,2.0,6.29,82860.0,7.59111754767077
630,2020-04-13,Santa Monica Mountains,131.0,10.0,7.14,82860.0,8.616944243301955
631,2020-04-14,Santa Monica Mountains,147.0,16.0,8.86,82860.0,10.692734733285059
632,2020-04-15,Santa Monica Mountains,155.0,8.0,8.71,82860.0,10.511706492879556
633,2020-04-16,Santa Monica Mountains,161.0,6.0,8.71,82860.0,10.511706492879556
634,2020-04-17,Santa Monica Mountains,171.0,10.0,8.57,82860.0,10.34274680183442
635,2020-04-18,Santa Monica Mountains,181.0,10.0,8.86,82860.0,10.692734733285059
636,2020-04-19,Santa Monica Mountains,192.0,11.0,10.14,82860.0,12.23750905141202
637,2020-04-20,Santa Monica Mountains,211.0,19.0,11.43,82860.0,13.794351918899348
638,2020-04-21,Santa Monica Mountains,211.0,0.0,9.14,82860.0,11.030654115375333
639,2020-04-22,Santa Monica Mountains,227.0,16.0,10.29,82860.0,12.418537291817522
640,2020-04-23,Santa Monica Mountains,272.0,45.0,15.86,82860.0,19.140719285541877
641,2020-04-24,Santa Monica Mountains,294.0,22.0,17.57,82860.0,21.204441226164615
642,2020-04-25,Santa Monica Mountains,301.0,7.0,17.14,82860.0,20.68549360366884
643,2020-04-26,Santa Monica Mountains,280.0,-21.0,12.57,82860.0,15.170166545981173
644,2020-04-27,Santa Monica Mountains,323.0,43.0,16.0,82860.0,19.309678976587016
645,2020-04-28,Santa Monica Mountains,329.0,6.0,16.86,82860.0,20.347574221578565
646,2020-04-29,Santa Monica Mountains,338.0,9.0,15.86,82860.0,19.140719285541877
647,2020-04-30,Santa Monica Mountains,348.0,10.0,10.86,82860.0,13.106444605358435
648,2020-05-01,Santa Monica Mountains,361.0,13.0,9.57,82860.0,11.549601737871107
649,2020-05-03,Santa Monica Mountains,392.0,31.0,13.0,82860.0,15.68911416847695
650,2020-05-04,Santa Monica Mountains,406.0,14.0,18.0,82860.0,21.72338884866039
651,2020-05-05,Santa Monica Mountains,429.0,23.0,15.14,82860.0,18.271783731595463
652,2020-05-06,Santa Monica Mountains,440.0,11.0,15.86,82860.0,19.140719285541877
653,2020-05-07,Santa Monica Mountains,449.0,9.0,15.86,82860.0,19.140719285541877
654,2020-05-08,Santa Monica Mountains,453.0,4.0,15.0,82860.0,18.102824040550324
655,2020-05-09,Santa Monica Mountains,469.0,16.0,15.43,82860.0,18.6217716630461
656,2020-05-10,Santa Monica Mountains,476.0,7.0,12.0,82860.0,14.48225923244026
657,2020-05-11,Santa Monica Mountains,498.0,22.0,13.14,82860.0,15.858073859522086
658,2020-05-12,Santa Monica Mountains,524.0,26.0,13.57,82860.0,16.377021482017863
659,2020-05-13,Santa Monica Mountains,557.0,33.0,16.71,82860.0,20.166545981173066
660,2020-05-14,Santa Monica Mountains,577.0,20.0,18.29,82860.0,22.07337678011103
661,2020-05-15,Santa Monica Mountains,591.0,14.0,19.71,82860.0,23.78711078928313
662,2020-05-16,Santa Monica Mountains,612.0,21.0,20.43,82860.0,24.656046343229544
663,2020-05-17,Santa Monica Mountains,591.0,-21.0,16.43,82860.0,19.82862659908279
664,2020-05-18,Santa Monica Mountains,597.0,6.0,14.14,82860.0,17.064928795558775
665,2020-03-18,South Bay,10.0,0.0,,735964.0,
666,2020-03-19,South Bay,20.0,10.0,,735964.0,
667,2020-03-20,South Bay,24.0,4.0,,735964.0,
668,2020-03-21,South Bay,29.0,5.0,,735964.0,
669,2020-03-22,South Bay,34.0,5.0,,735964.0,
670,2020-03-23,South Bay,40.0,6.0,,735964.0,
671,2020-03-24,South Bay,54.0,14.0,6.29,735964.0,0.8546613693061074
672,2020-03-25,South Bay,71.0,17.0,8.71,735964.0,1.1834818007402537
673,2020-03-26,South Bay,109.0,38.0,12.71,735964.0,1.72698664608595
674,2020-03-27,South Bay,119.0,10.0,13.57,735964.0,1.8438401878352746
675,2020-03-28,South Bay,147.0,28.0,16.86,735964.0,2.2908729231321097
676,2020-03-29,South Bay,181.0,34.0,21.0,735964.0,2.8534004380649054
677,2020-03-30,South Bay,213.0,32.0,24.71,735964.0,3.357501182123039
678,2020-03-31,South Bay,261.0,48.0,29.57,735964.0,4.01785956921806
679,2020-04-01,South Bay,303.0,42.0,33.14,735964.0,4.502937643689093
680,2020-04-02,South Bay,346.0,43.0,33.86,735964.0,4.6007685158513185
681,2020-04-03,South Bay,402.0,56.0,40.43,735964.0,5.493475224331625
682,2020-04-04,South Bay,440.0,38.0,41.86,735964.0,5.687778206542712
683,2020-04-05,South Bay,478.0,38.0,42.43,735964.0,5.765227647004473
684,2020-04-06,South Bay,523.0,45.0,44.29,735964.0,6.017957400090222
685,2020-04-07,South Bay,566.0,43.0,43.57,735964.0,5.920126527927997
686,2020-04-08,South Bay,609.0,43.0,43.71,735964.0,5.939149197515096
687,2020-04-09,South Bay,650.0,41.0,43.43,735964.0,5.901103858340897
688,2020-04-10,South Bay,681.0,31.0,39.86,735964.0,5.4160257838698636
689,2020-04-11,South Bay,727.0,46.0,41.0,735964.0,5.570924664793387
690,2020-04-12,South Bay,755.0,28.0,39.57,735964.0,5.3766216825823
691,2020-04-13,South Bay,774.0,19.0,35.86,735964.0,4.8725209385241675
692,2020-04-14,South Bay,812.0,38.0,35.14,735964.0,4.774690066361942
693,2020-04-15,South Bay,838.0,26.0,32.71,735964.0,4.444510872814432
694,2020-04-16,South Bay,859.0,21.0,29.86,735964.0,4.057263670505622
695,2020-04-17,South Bay,897.0,38.0,30.86,735964.0,4.193139881842047
696,2020-04-18,South Bay,933.0,36.0,29.43,735964.0,3.9988368996309602
697,2020-04-19,South Bay,952.0,19.0,28.14,735964.0,3.823556587006973
698,2020-04-20,South Bay,1027.0,75.0,36.14,735964.0,4.910566277698366
699,2020-04-21,South Bay,1152.0,125.0,48.57,735964.0,6.599507584610117
700,2020-04-22,South Bay,1191.0,39.0,50.43,735964.0,6.852237337695866
701,2020-04-23,South Bay,1239.0,48.0,54.29,735964.0,7.3767195134544625
702,2020-04-24,South Bay,1274.0,35.0,53.86,735964.0,7.3182927425798
703,2020-04-25,South Bay,1302.0,28.0,52.71,735964.0,7.162035099542913
704,2020-04-26,South Bay,1312.0,10.0,51.43,735964.0,6.98811354903229
705,2020-04-27,South Bay,1361.0,49.0,47.71,735964.0,6.482654042860792
706,2020-04-28,South Bay,1381.0,20.0,32.71,735964.0,4.444510872814432
707,2020-04-29,South Bay,1460.0,79.0,38.43,735964.0,5.221722801658777
708,2020-04-30,South Bay,1479.0,19.0,34.29,735964.0,4.659195286725981
709,2020-05-01,South Bay,1530.0,51.0,36.57,735964.0,4.9689930485730285
710,2020-05-03,South Bay,1593.0,63.0,41.57,735964.0,5.648374105255148
711,2020-05-04,South Bay,1611.0,18.0,42.71,735964.0,5.803272986178672
712,2020-05-05,South Bay,1698.0,87.0,48.14,735964.0,6.541080813735455
713,2020-05-06,South Bay,1757.0,59.0,53.71,735964.0,7.2979113108793365
714,2020-05-07,South Bay,1790.0,33.0,47.14,735964.0,6.4052046023990306
715,2020-05-08,South Bay,1805.0,15.0,46.57,735964.0,6.327755161937269
716,2020-05-09,South Bay,1843.0,38.0,44.71,735964.0,6.07502540885152
717,2020-05-10,South Bay,1852.0,9.0,37.0,735964.0,5.02741981944769
718,2020-05-11,South Bay,1864.0,12.0,36.14,735964.0,4.910566277698366
719,2020-05-12,South Bay,1902.0,38.0,29.14,735964.0,3.9594327983433972
720,2020-05-13,South Bay,1948.0,46.0,27.29,735964.0,3.7080618073710125
721,2020-05-14,South Bay,1977.0,29.0,26.71,735964.0,3.629253604795887
722,2020-05-15,South Bay,2002.0,25.0,28.14,735964.0,3.823556587006973
723,2020-05-16,South Bay,2040.0,38.0,28.14,735964.0,3.823556587006973
724,2020-05-17,South Bay,2064.0,24.0,30.29,735964.0,4.115690441380285
725,2020-05-18,South Bay,2087.0,23.0,31.86,735964.0,4.3290160931784705
726,2020-03-18,South L.A.,2.0,0.0,,749453.0,
727,2020-03-19,South L.A.,3.0,1.0,,749453.0,
728,2020-03-20,South L.A.,4.0,1.0,,749453.0,
729,2020-03-21,South L.A.,7.0,3.0,,749453.0,
730,2020-03-22,South L.A.,9.0,2.0,,749453.0,
731,2020-03-23,South L.A.,12.0,3.0,,749453.0,
732,2020-03-24,South L.A.,15.0,3.0,1.86,749453.0,0.2481810066808726
733,2020-03-25,South L.A.,26.0,11.0,3.43,749453.0,0.4576671252233296
734,2020-03-26,South L.A.,41.0,15.0,5.43,749453.0,0.7245284227296441
735,2020-03-27,South L.A.,31.0,-10.0,3.86,749453.0,0.5150423041871872
736,2020-03-28,South L.A.,46.0,15.0,5.57,749453.0,0.7432087135550862
737,2020-03-29,South L.A.,56.0,10.0,6.71,749453.0,0.8953196531336854
738,2020-03-30,South L.A.,63.0,7.0,7.29,749453.0,0.9727094294105167
739,2020-03-31,South L.A.,106.0,43.0,13.0,749453.0,1.734598433791045
740,2020-04-01,South L.A.,168.0,62.0,20.29,749453.0,2.7073078632015615
741,2020-04-02,South L.A.,206.0,38.0,23.57,749453.0,3.1449603911119177
742,2020-04-03,South L.A.,237.0,31.0,29.43,749453.0,3.926863992805419
743,2020-04-04,South L.A.,286.0,49.0,34.29,749453.0,4.5753369457457636
744,2020-04-05,South L.A.,337.0,51.0,40.14,749453.0,5.355906240951734
745,2020-04-06,South L.A.,364.0,27.0,43.0,749453.0,5.737517896385764
746,2020-04-07,South L.A.,403.0,39.0,42.43,749453.0,5.661462426596464
747,2020-04-08,South L.A.,445.0,42.0,39.57,749453.0,5.279850771162434
748,2020-04-09,South L.A.,480.0,35.0,39.14,749453.0,5.222475592198577
749,2020-04-10,South L.A.,515.0,35.0,39.71,749453.0,5.298531061987877
750,2020-04-11,South L.A.,542.0,27.0,36.57,749453.0,4.879558824902962
751,2020-04-12,South L.A.,552.0,10.0,30.71,749453.0,4.097655223209461
752,2020-04-13,South L.A.,572.0,20.0,29.71,749453.0,3.9642245744563036
753,2020-04-14,South L.A.,612.0,40.0,29.86,749453.0,3.984239171769277
754,2020-04-15,South L.A.,650.0,38.0,29.29,749453.0,3.908183701979977
755,2020-04-16,South L.A.,673.0,23.0,27.57,749453.0,3.6786829861245467
756,2020-04-17,South L.A.,717.0,44.0,28.86,749453.0,3.8508085230161195
757,2020-04-18,South L.A.,763.0,46.0,31.57,749453.0,4.212405581137176
758,2020-04-19,South L.A.,789.0,26.0,33.86,749453.0,4.517961766781906
759,2020-04-20,South L.A.,906.0,117.0,47.71,749453.0,6.365976252013135
760,2020-04-21,South L.A.,1034.0,128.0,60.29,749453.0,8.044533813327854
761,2020-04-22,South L.A.,1150.0,116.0,71.43,749453.0,9.530951240438027
762,2020-04-23,South L.A.,1258.0,108.0,83.57,749453.0,11.150799316301354
763,2020-04-24,South L.A.,1368.0,110.0,93.0,749453.0,12.409050334043629
764,2020-04-25,South L.A.,1411.0,43.0,92.57,749453.0,12.35167515507977
765,2020-04-26,South L.A.,1448.0,37.0,94.14,749453.0,12.56116127362223
766,2020-04-27,South L.A.,1538.0,90.0,90.29,749453.0,12.047453275922573
767,2020-04-28,South L.A.,1605.0,67.0,81.57,749453.0,10.88393801879504
768,2020-04-29,South L.A.,1712.0,107.0,80.29,749453.0,10.713146788391
769,2020-04-30,South L.A.,1754.0,42.0,70.86,749453.0,9.454895770648726
770,2020-05-01,South L.A.,1857.0,103.0,69.86,749453.0,9.321465121895569
771,2020-05-03,South L.A.,1975.0,118.0,80.57,749453.0,10.750507370041882
772,2020-05-04,South L.A.,2002.0,27.0,79.14,749453.0,10.559701542324868
773,2020-05-05,South L.A.,2191.0,189.0,93.29,749453.0,12.447745222182045
774,2020-05-06,South L.A.,2295.0,104.0,98.57,749453.0,13.152259047598713
775,2020-05-07,South L.A.,2369.0,74.0,93.86,749453.0,12.523800691971344
776,2020-05-08,South L.A.,2422.0,53.0,95.43,749453.0,12.733286810513802
777,2020-05-09,South L.A.,2506.0,84.0,92.71,749453.0,12.370355445905213
778,2020-05-10,South L.A.,2539.0,33.0,80.57,749453.0,10.750507370041882
779,2020-05-11,South L.A.,2590.0,51.0,84.0,749453.0,11.208174495265213
780,2020-05-12,South L.A.,2680.0,90.0,69.86,749453.0,9.321465121895569
781,2020-05-13,South L.A.,2795.0,115.0,71.43,749453.0,9.530951240438027
782,2020-05-14,South L.A.,2870.0,75.0,71.57,749453.0,9.549631531263467
783,2020-05-15,South L.A.,2961.0,91.0,77.0,749453.0,10.274159953993113
784,2020-05-16,South L.A.,3068.0,107.0,80.29,749453.0,10.713146788391
785,2020-05-17,South L.A.,3160.0,92.0,88.71,749453.0,11.836632850892583
786,2020-05-18,South L.A.,3227.0,67.0,91.0,749453.0,12.142189036537314
787,2020-03-18,Southeast,5.0,0.0,,1190425.0,
788,2020-03-19,Southeast,5.0,0.0,,1190425.0,
789,2020-03-20,Southeast,5.0,0.0,,1190425.0,
790,2020-03-21,Southeast,8.0,3.0,,1190425.0,
791,2020-03-22,Southeast,12.0,4.0,,1190425.0,
792,2020-03-23,Southeast,16.0,4.0,,1190425.0,
793,2020-03-24,Southeast,21.0,5.0,2.29,1190425.0,0.19236827183568894
794,2020-03-25,Southeast,39.0,18.0,4.86,1190425.0,0.4082575550748683
795,2020-03-26,Southeast,69.0,30.0,9.14,1190425.0,0.7677930150996494
796,2020-03-27,Southeast,77.0,8.0,10.29,1190425.0,0.8643971690782704
797,2020-03-28,Southeast,113.0,36.0,15.0,1190425.0,1.2600541823298403
798,2020-03-29,Southeast,129.0,16.0,16.71,1190425.0,1.4037003591154422
799,2020-03-30,Southeast,160.0,31.0,20.57,1190425.0,1.7279543020349877
800,2020-03-31,Southeast,207.0,47.0,26.57,1190425.0,2.231975974966924
801,2020-04-01,Southeast,255.0,48.0,30.86,1190425.0,2.592351471113258
802,2020-04-02,Southeast,298.0,43.0,32.71,1190425.0,2.7477581536006053
803,2020-04-03,Southeast,336.0,38.0,37.0,1190425.0,3.1081336497469394
804,2020-04-04,Southeast,411.0,75.0,42.57,1190425.0,3.5760337694520867
805,2020-04-05,Southeast,514.0,103.0,55.0,1190425.0,4.620198668542748
806,2020-04-06,Southeast,562.0,48.0,57.43,1190425.0,4.824327446080182
807,2020-04-07,Southeast,639.0,77.0,61.71,1190425.0,5.183862906104963
808,2020-04-08,Southeast,703.0,64.0,64.0,1190425.0,5.376231177940651
809,2020-04-09,Southeast,775.0,72.0,68.14,1190425.0,5.724006132263688
810,2020-04-10,Southeast,839.0,64.0,71.86,1190425.0,6.036499569481488
811,2020-04-11,Southeast,902.0,63.0,70.14,1190425.0,5.892013356574333
812,2020-04-12,Southeast,923.0,21.0,58.43,1190425.0,4.908331058235504
813,2020-04-13,Southeast,955.0,32.0,56.14,1190425.0,4.715962786399816
814,2020-04-14,Southeast,1042.0,87.0,57.57,1190425.0,4.836087951781927
815,2020-04-15,Southeast,1095.0,53.0,56.0,1190425.0,4.704202280698071
816,2020-04-16,Southeast,1162.0,67.0,55.29,1190425.0,4.644559716067791
817,2020-04-17,Southeast,1239.0,77.0,57.14,1190425.0,4.799966398555139
818,2020-04-18,Southeast,1314.0,75.0,58.86,1190425.0,4.944452611462293
819,2020-04-19,Southeast,1354.0,40.0,61.57,1190425.0,5.172102400403218
820,2020-04-20,Southeast,1539.0,185.0,83.43,1190425.0,7.008421362118572
821,2020-04-21,Southeast,1711.0,172.0,95.57,1190425.0,8.028225213684188
822,2020-04-22,Southeast,1848.0,137.0,107.57,1190425.0,9.036268559548061
823,2020-04-23,Southeast,1969.0,121.0,115.29,1190425.0,9.684776445387152
824,2020-04-24,Southeast,2072.0,103.0,119.0,1190425.0,9.9964298464834
825,2020-04-25,Southeast,2140.0,68.0,118.0,1190425.0,9.912426234328077
826,2020-04-26,Southeast,2186.0,46.0,118.86,1190425.0,9.984669340781654
827,2020-04-27,Southeast,2257.0,71.0,102.57,1190425.0,8.616250498771446
828,2020-04-28,Southeast,2324.0,67.0,87.57,1190425.0,7.356196316441607
829,2020-04-29,Southeast,2438.0,114.0,84.29,1190425.0,7.08066446857215
830,2020-04-30,Southeast,2552.0,114.0,83.29,1190425.0,6.996660856416827
831,2020-05-01,Southeast,2685.0,133.0,87.57,1190425.0,7.356196316441607
832,2020-05-03,Southeast,2820.0,135.0,97.14,1190425.0,8.160110884768045
833,2020-05-04,Southeast,2874.0,54.0,98.29,1190425.0,8.256715038746668
834,2020-05-05,Southeast,3062.0,188.0,115.0,1190425.0,9.660415397862108
835,2020-05-06,Southeast,3162.0,100.0,119.71,1190425.0,10.056072411113679
836,2020-05-07,Southeast,3246.0,84.0,115.43,1190425.0,9.696536951088898
837,2020-05-08,Southeast,3365.0,119.0,116.14,1190425.0,9.756179515719177
838,2020-05-09,Southeast,3458.0,93.0,110.43,1190425.0,9.276518890312284
839,2020-05-10,Southeast,3514.0,56.0,99.14,1190425.0,8.32811810907869
840,2020-05-11,Southeast,3566.0,52.0,98.86,1190425.0,8.3045970976752
841,2020-05-12,Southeast,3705.0,139.0,91.86,1190425.0,7.716571812587942
842,2020-05-13,Southeast,3941.0,236.0,111.29,1190425.0,9.348761996765862
843,2020-05-14,Southeast,4042.0,101.0,113.71,1190425.0,9.552050738181741
844,2020-05-15,Southeast,4185.0,143.0,117.14,1190425.0,9.8401831278745
845,2020-05-16,Southeast,4356.0,171.0,128.29,1190425.0,10.776823403406347
846,2020-05-17,Southeast,4444.0,88.0,132.86,1190425.0,11.160719910956173
847,2020-05-18,Southeast,4552.0,108.0,140.86,1190425.0,11.832748808198755
848,2020-03-18,Verdugos,4.0,0.0,,453399.0,
849,2020-03-19,Verdugos,7.0,3.0,,453399.0,
850,2020-03-20,Verdugos,9.0,2.0,,453399.0,
851,2020-03-21,Verdugos,14.0,5.0,,453399.0,
852,2020-03-22,Verdugos,15.0,1.0,,453399.0,
853,2020-03-23,Verdugos,21.0,6.0,,453399.0,
854,2020-03-24,Verdugos,19.0,-2.0,2.14,453399.0,0.47199045432389575
855,2020-03-25,Verdugos,29.0,10.0,3.57,453399.0,0.7873859448300503
856,2020-03-26,Verdugos,47.0,18.0,5.71,453399.0,1.259376399153946
857,2020-03-27,Verdugos,54.0,7.0,6.43,453399.0,1.4181769258423595
858,2020-03-28,Verdugos,64.0,10.0,7.14,453399.0,1.5747718896601006
859,2020-03-29,Verdugos,76.0,12.0,8.71,453399.0,1.9210452603556691
860,2020-03-30,Verdugos,94.0,18.0,10.43,453399.0,2.3004020741113234
861,2020-03-31,Verdugos,131.0,37.0,16.0,453399.0,3.5289005930758557
862,2020-04-01,Verdugos,154.0,23.0,17.86,453399.0,3.9391352870209237
863,2020-04-02,Verdugos,205.0,51.0,22.57,453399.0,4.977955399107629
864,2020-04-03,Verdugos,219.0,14.0,23.57,453399.0,5.19851168617487
865,2020-04-04,Verdugos,202.0,-17.0,19.71,453399.0,4.34716441809532
866,2020-04-05,Verdugos,254.0,52.0,25.43,453399.0,5.608746380119938
867,2020-04-06,Verdugos,272.0,18.0,25.43,453399.0,5.608746380119938
868,2020-04-07,Verdugos,307.0,35.0,25.14,453399.0,5.544785056870438
869,2020-04-08,Verdugos,337.0,30.0,26.14,453399.0,5.7653413439376795
870,2020-04-09,Verdugos,386.0,49.0,25.86,453399.0,5.703585583558851
871,2020-04-10,Verdugos,431.0,45.0,30.29,453399.0,6.68064993526673
872,2020-04-11,Verdugos,461.0,30.0,37.0,453399.0,8.160582621487917
873,2020-04-12,Verdugos,478.0,17.0,32.0,453399.0,7.057801186151711
874,2020-04-13,Verdugos,488.0,10.0,30.86,453399.0,6.806367018895057
875,2020-04-14,Verdugos,556.0,68.0,35.57,453399.0,7.845187130981762
876,2020-04-15,Verdugos,587.0,31.0,35.71,453399.0,7.876065011171176
877,2020-04-16,Verdugos,603.0,16.0,31.0,453399.0,6.837244899084471
878,2020-04-17,Verdugos,647.0,44.0,30.86,453399.0,6.806367018895057
879,2020-04-18,Verdugos,686.0,39.0,32.14,453399.0,7.088679066341125
880,2020-04-19,Verdugos,694.0,8.0,30.86,453399.0,6.806367018895057
881,2020-04-20,Verdugos,716.0,22.0,32.57,453399.0,7.183518269780039
882,2020-04-21,Verdugos,796.0,80.0,34.29,453399.0,7.562875083535693
883,2020-04-22,Verdugos,846.0,50.0,37.0,453399.0,8.160582621487917
884,2020-04-23,Verdugos,891.0,45.0,41.14,453399.0,9.073685649946293
885,2020-04-24,Verdugos,975.0,84.0,46.86,453399.0,10.335267611970913
886,2020-04-25,Verdugos,994.0,19.0,44.0,453399.0,9.704476630958604
887,2020-04-26,Verdugos,1010.0,16.0,45.14,453399.0,9.955910798215259
888,2020-04-27,Verdugos,1054.0,44.0,48.29,453399.0,10.650663102477067
889,2020-04-28,Verdugos,1118.0,64.0,46.0,453399.0,10.145589205093085
890,2020-04-29,Verdugos,1177.0,59.0,47.29,453399.0,10.430106815409825
891,2020-04-30,Verdugos,1241.0,64.0,50.0,453399.0,11.02781435336205
892,2020-05-01,Verdugos,1286.0,45.0,44.43,453399.0,9.799315834397516
893,2020-05-03,Verdugos,1326.0,40.0,47.43,453399.0,10.46098469559924
894,2020-05-04,Verdugos,1372.0,46.0,51.71,453399.0,11.404965604247032
895,2020-05-05,Verdugos,1422.0,50.0,52.57,453399.0,11.594644011124858
896,2020-05-06,Verdugos,1478.0,56.0,51.43,453399.0,11.343209843868204
897,2020-05-07,Verdugos,1526.0,48.0,49.86,453399.0,10.996936473172635
898,2020-05-08,Verdugos,1553.0,27.0,44.57,453399.0,9.830193714586931
899,2020-05-09,Verdugos,1600.0,47.0,44.86,453399.0,9.89415503783643
900,2020-05-10,Verdugos,1626.0,26.0,42.86,453399.0,9.453042463701948
901,2020-05-11,Verdugos,1652.0,26.0,40.0,453399.0,8.822251482689639
902,2020-05-12,Verdugos,1700.0,48.0,39.71,453399.0,8.75829015944014
903,2020-05-13,Verdugos,1768.0,68.0,41.43,453399.0,9.137646973195794
904,2020-05-14,Verdugos,1805.0,37.0,39.86,453399.0,8.791373602500226
905,2020-05-15,Verdugos,1883.0,78.0,47.14,453399.0,10.39702337234974
906,2020-05-16,Verdugos,1912.0,29.0,44.57,453399.0,9.830193714586931
907,2020-05-17,Verdugos,1948.0,36.0,46.0,453399.0,10.145589205093085
908,2020-05-18,Verdugos,1962.0,14.0,44.29,453399.0,9.768437954208103
909,2020-03-18,Westside,13.0,0.0,,529427.0,
910,2020-03-19,Westside,37.0,24.0,,529427.0,
911,2020-03-20,Westside,55.0,18.0,,529427.0,
912,2020-03-21,Westside,71.0,16.0,,529427.0,
913,2020-03-22,Westside,82.0,11.0,,529427.0,
914,2020-03-23,Westside,104.0,22.0,,529427.0,
915,2020-03-24,Westside,125.0,21.0,16.0,529427.0,3.022135251885529
916,2020-03-25,Westside,141.0,16.0,18.29,529427.0,3.4546783598116453
917,2020-03-26,Westside,182.0,41.0,20.71,529427.0,3.911776316659332
918,2020-03-27,Westside,197.0,15.0,20.29,529427.0,3.8324452662973365
919,2020-03-28,Westside,231.0,34.0,22.86,529427.0,4.3178757411314495
920,2020-03-29,Westside,269.0,38.0,26.71,529427.0,5.045077036116405
921,2020-03-30,Westside,311.0,42.0,29.57,529427.0,5.585283712390943
922,2020-03-31,Westside,363.0,52.0,34.0,529427.0,6.422037410256749
923,2020-04-01,Westside,406.0,43.0,37.86,529427.0,7.151127539774133
924,2020-04-02,Westside,437.0,31.0,36.43,529427.0,6.881024201636864
925,2020-04-03,Westside,484.0,47.0,41.0,529427.0,7.744221582956668
926,2020-04-04,Westside,521.0,37.0,41.43,529427.0,7.825441467851092
927,2020-04-05,Westside,559.0,38.0,41.43,529427.0,7.825441467851092
928,2020-04-06,Westside,585.0,26.0,39.14,529427.0,7.392898359924976
929,2020-04-07,Westside,626.0,41.0,37.57,529427.0,7.096351338333708
930,2020-04-08,Westside,649.0,23.0,34.71,529427.0,6.55614466205917
931,2020-04-09,Westside,665.0,16.0,32.57,529427.0,6.15193407211948
932,2020-04-10,Westside,690.0,25.0,29.43,529427.0,5.558840028936945
933,2020-04-11,Westside,714.0,24.0,27.57,529427.0,5.207516805905252
934,2020-04-12,Westside,720.0,6.0,23.0,529427.0,4.344319424585448
935,2020-04-13,Westside,730.0,10.0,20.71,529427.0,3.911776316659332
936,2020-04-14,Westside,747.0,17.0,17.29,529427.0,3.2657949065687997
937,2020-04-15,Westside,769.0,22.0,17.14,529427.0,3.2374623885823732
938,2020-04-16,Westside,782.0,13.0,16.71,529427.0,3.15624250368795
939,2020-04-17,Westside,797.0,15.0,15.29,529427.0,2.8880280000831084
940,2020-04-18,Westside,820.0,23.0,15.14,529427.0,2.859695482096682
941,2020-04-19,Westside,832.0,12.0,16.0,529427.0,3.022135251885529
942,2020-04-20,Westside,904.0,72.0,24.86,529427.0,4.695642647617141
943,2020-04-21,Westside,964.0,60.0,31.0,529427.0,5.855387050528212
944,2020-04-22,Westside,998.0,34.0,32.71,529427.0,6.178377755573479
945,2020-04-23,Westside,1036.0,38.0,36.29,529427.0,6.854580518182866
946,2020-04-24,Westside,1056.0,20.0,37.0,529427.0,6.988687769985286
947,2020-04-25,Westside,1068.0,12.0,35.43,529427.0,6.692140748394018
948,2020-04-26,Westside,1081.0,13.0,35.57,529427.0,6.718584431848017
949,2020-04-27,Westside,1097.0,16.0,27.57,529427.0,5.207516805905252
950,2020-04-28,Westside,1118.0,21.0,22.0,529427.0,4.155435971342603
951,2020-04-29,Westside,1140.0,22.0,20.29,529427.0,3.8324452662973365
952,2020-04-30,Westside,1163.0,23.0,18.14,529427.0,3.426345841825219
953,2020-05-01,Westside,1222.0,59.0,23.71,529427.0,4.478426676387868
954,2020-05-03,Westside,1275.0,53.0,29.57,529427.0,5.585283712390943
955,2020-05-04,Westside,1297.0,22.0,30.86,529427.0,5.828943367074214
956,2020-05-05,Westside,1341.0,44.0,34.86,529427.0,6.584477180045596
957,2020-05-06,Westside,1371.0,30.0,36.14,529427.0,6.826248000196439
958,2020-05-07,Westside,1400.0,29.0,37.14,529427.0,7.015131453439285
959,2020-05-08,Westside,1416.0,16.0,36.14,529427.0,6.826248000196439
960,2020-05-09,Westside,1437.0,21.0,30.71,529427.0,5.8006108490877875
961,2020-05-10,Westside,1465.0,28.0,27.14,529427.0,5.1262969210108285
962,2020-05-11,Westside,1483.0,18.0,26.57,529427.0,5.018633352662407
963,2020-05-12,Westside,1505.0,22.0,23.43,529427.0,4.425539309479872
964,2020-05-13,Westside,1542.0,37.0,24.43,529427.0,4.614422762722717
965,2020-05-14,Westside,1566.0,24.0,23.71,529427.0,4.478426676387868
966,2020-05-15,Westside,1592.0,26.0,25.14,529427.0,4.748530014525137
967,2020-05-16,Westside,1620.0,28.0,26.14,529427.0,4.937413467767983
968,2020-05-17,Westside,1641.0,21.0,25.14,529427.0,4.748530014525137
969,2020-05-18,Westside,1650.0,9.0,23.86,529427.0,4.506759194374295
970,2020-03-30,nan,0.0,0.0,,,
971,2020-03-31,nan,0.0,0.0,,,
972,2020-04-01,nan,0.0,0.0,,,
973,2020-04-02,nan,0.0,0.0,,,
974,2020-04-03,nan,11.0,11.0,,,
975,2020-04-04,nan,17.0,6.0,,,
976,2020-04-05,nan,0.0,-17.0,0.0,,
977,2020-04-06,nan,0.0,0.0,0.0,,
978,2020-04-07,nan,0.0,0.0,0.0,,
979,2020-04-08,nan,0.0,0.0,0.0,,
980,2020-04-09,nan,0.0,0.0,0.0,,
981,2020-04-10,nan,0.0,0.0,-1.57,,
982,2020-04-11,nan,0.0,0.0,-2.43,,
983,2020-04-12,nan,0.0,0.0,0.0,,
984,2020-04-13,nan,0.0,0.0,0.0,,
985,2020-04-14,nan,0.0,0.0,0.0,,
986,2020-04-15,nan,0.0,0.0,0.0,,
987,2020-04-16,nan,5.0,5.0,0.71,,
988,2020-04-17,nan,6.0,1.0,0.86,,
989,2020-04-18,nan,6.0,0.0,0.86,,
990,2020-04-19,nan,6.0,0.0,0.86,,
991,2020-04-20,nan,7.0,1.0,1.0,,
992,2020-04-21,nan,6.0,-1.0,0.86,,
993,2020-04-22,nan,6.0,0.0,0.86,,
994,2020-04-23,nan,6.0,0.0,0.14,,
995,2020-04-24,nan,6.0,0.0,0.0,,
996,2020-04-25,nan,109.0,103.0,14.71,,
997,2020-04-26,nan,114.0,5.0,15.43,,
998,2020-04-27,nan,144.0,30.0,19.57,,
999,2020-04-28,nan,146.0,2.0,20.0,,
1000,2020-04-29,nan,157.0,11.0,21.57,,
1001,2020-04-30,nan,165.0,8.0,22.71,,
1002,2020-05-01,nan,172.0,7.0,23.71,,
1003,2020-05-03,nan,202.0,30.0,13.29,,
1004,2020-05-04,nan,232.0,30.0,16.86,,
1005,2020-05-05,nan,234.0,2.0,12.86,,
1006,2020-05-06,nan,255.0,21.0,15.57,,
1007,2020-05-07,nan,275.0,20.0,16.86,,
1008,2020-05-08,nan,164.0,-111.0,-0.14,,
1009,2020-05-09,nan,173.0,9.0,0.14,,
1010,2020-05-10,nan,174.0,1.0,-4.0,,
1011,2020-05-11,nan,181.0,7.0,-7.29,,
1012,2020-05-12,nan,190.0,9.0,-6.29,,
1013,2020-05-13,nan,210.0,20.0,-6.43,,
1014,2020-05-14,nan,214.0,4.0,-8.71,,
1015,2020-05-15,nan,216.0,2.0,7.43,,
1016,2020-05-16,nan,221.0,5.0,6.86,,
1017,2020-05-17,nan,229.0,8.0,7.86,,
1018,2020-05-18,nan,229.0,0.0,6.86,,
